State\Action,right,left,up,down,clockwise,counterclockwise
-3237101319937721289,422.52400127098144,333.17806299274463,254.66112576079632,243.2473465012196,352.0514556989825,268.42165133077697
-887652301681121095,369.57785866904396,228.0996190078961,47.74533381600051,50.358938990346246,61.48837975045439,137.09474767770598
5517224639699226033,272.35290773502857,140.48447862881636,10.64,27.463000793602617,17.511754654448744,73.7856
-8321193902197420813,96.4815627911168,100.50705162914892,89.26258176,348.18576760985945,71.80383576425514,93.1280523264
7870671699243986717,0.0,0.0,0.0,0.0,0.0,0.0
-1984395205279393714,48.8,35.86693632,83.222784,70.97380882316907,67.232,48.8
6757215873601958085,0.0,0.0,0.0,0.0,0.0,0.0
910533042974703267,123.83479984291624,0.0,25.65890294768121,36.0,2.0,20.0
6008208234711351391,20.603520000000003,0.0,47.95708173883978,59.04,0.0,73.7856
4798000198822638852,19.4976,0.0,0.0,48.8,2.0,0.0
4235815542821984844,121.26932370773416,78.06405361258463,67.17713637084779,58.126307200113935,70.57215075496778,94.23253975342782
92374096543766895,0.0,0.0,0.0,0.0,0.0,0.0
6949358995161192057,131.98207187507592,60.94588654777222,101.82350987743482,311.2605757399621,81.70668738800555,99.97403851570732
7398636694851094608,0.0,0.0,0.0,0.0,0.0,0.0
788502331449644523,34.3082577953633,36.0,8.64064,48.8,83.222784,51.01503895442116
-278494938691141871,0.0,0.0,0.0,20.0,0.0,0.0
-3963859116017873019,0.0,0.0,0.0,0.0,0.0,0.0
6406460561131132073,378.81581674117916,79.02848,74.25573892285033,67.232,28.101056634880003,67.232
-6459945844620161776,0.0,0.0,0.0,0.0,0.0,0.0
-6330821673878947740,140.7596997068665,159.5338322878978,99.62221068137045,202.5950466233345,146.4468270902027,98.1985601490518
4749764479636120973,94.50244186112,144.700996381216,99.26213023705162,123.33434130930144,96.4815627911168,95.601953488896
6372752095304685305,0.0,0.0,0.0,0.0,0.0,0.0
-5666419270692561398,114.97759229983431,112.90520097024616,97.74820018631476,67.232,59.04,67.70911562597618
8395150362557296671,83.222784,54.73670830391592,73.7856,166.4087537389772,73.7856,114.72736561319572
-3999569733643754617,192.82935773971457,99.52776335171303,129.59926435655348,97.74820018631476,97.74820018631476,176.45749093095003
6476066457861978369,0.0,0.0,0.0,0.0,0.0,0.0
-4695905961280518815,99.4097041896413,118.60962024702243,99.92077183748572,113.85647171554692,99.26213023705162,153.09549561229431
-7522429613511716569,0.0,0.0,0.0,0.0,0.0,0.0
3157749628748581795,128.4068358905896,67.232,96.35839064298284,83.222784,79.02848,68.65934754360838
2643544711328124542,0.0,0.0,0.0,0.0,0.0,0.0
-8742745986573764291,150.65353377680853,44.11261417598013,143.77467523399176,94.50244186112,122.9040837312388,269.24258709677133
-2551620841142895205,97.74820018631476,127.44570867044207,89.26258176,302.40449410582255,107.31780424681044,171.64911817981755
-3322973705904665949,0.0,0.0,0.0,0.0,0.0,0.0
2840842343438303691,0.0,0.0,0.0,0.0,0.0,0.0
7645038572382591167,92.18751082268837,120.96825700361734,99.90096479685717,91.99544103869916,103.71896105795392,207.83865762853503
-8987880516030322667,59.04,95.28770094326158,67.232,110.34934016405342,79.02848,71.18697409301842
1288509670402973349,166.13619832210878,84.32407783899629,95.59316252010044,84.60147074477628,93.1582228870786,97.7321949609199
2325674292380366385,99.4097041896413,126.252964447237,93.1280523264,311.03418714276205,108.12532240362928,86.31850254866738
-4391352362311199551,256.11855238054966,146.16212175927276,145.58012224617437,148.7627763397332,100.3439943214122,142.15626061137883
-5364272976579299522,99.07766279631451,162.2740529389567,99.84525749508931,299.3392496180471,114.03465101294464,150.8422296896833
-5705808987496303497,0.0,0.0,0.0,0.0,0.0,0.0
-8712146923847401405,143.84162612844065,118.1956411758844,176.5612838184353,100.58453455126386,216.06030720685987,99.98670772004216
-7346011718581013470,0.0,0.0,0.0,0.0,0.0,0.0
-8821839599240188999,122.27114746207036,75.81975642644268,101.02414707516245,66.52424477198254,99.07766279631451,89.7676446890749
-3452830993271870017,43.30919861177955,36.0,51.90367090554865,97.18525023289342,48.8,146.05023903718535
7388726410337276908,73.7856,74.65395783987054,79.02848,105.43940040981032,93.1280523264,179.7353026205087
810702276692931430,99.52776335171303,113.57399281214032,99.07766279631451,272.08864273226703,103.32882168780463,89.26258176
551381868822227687,0.0,0.0,0.0,0.0,0.0,0.0
3739609049028024638,207.65004266331405,73.7856,154.0079013872941,95.601953488896,47.88457141940437,95.601953488896
-7354356081373331824,0.0,0.0,0.0,0.0,0.0,0.0
-5153797786275781714,306.52258334691777,99.07766279631451,158.0373544375301,95.601953488896,78.25590090102487,139.12995968401745
1533378203473764033,250.06244106499125,172.70872822503927,166.4582605430072,163.77973946857583,117.29345697289972,159.1517582600075
-4939454206006789318,113.13698106823064,79.2059504118168,132.25025979507402,99.9594351807927,99.94929397599086,138.5060694671036
4888481140184852552,0.0,0.0,0.0,0.0,0.0,0.0
4388478419910412719,157.4002377343811,98.55884811924145,162.35649141888848,97.74820018631476,98.55884811924145,209.51457760473903
4912400432803282921,333.72298269111343,206.8788587715158,215.2849233228305,77.64534255549144,179.08303461887124,98.55884811924145
-560298404375310636,239.8993155313811,151.89995126255127,120.4619392104072,117.9750970062798,133.3730624546398,99.99998683596354
8819048685869304077,94.50244186112,129.221665903897,83.222784,276.2799274661198,91.21384022520732,96.4815627911168
-6185180987788914497,87.87435623194173,71.91234717759225,160.09313783148852,97.74820018631476,94.76547600049297,99.84525749508934
9098072634392487782,45.96339851783988,59.04,44.28188961298473,91.410065408,79.02848,79.02848
-8383764019975408460,0.0,0.0,0.0,0.0,0.0,0.0
-3440493293012942162,0.0,0.0,0.0,0.0,0.0,0.0
-6369868323377534174,0.0,0.0,0.0,0.0,0.0,0.0
6921539162445910553,0.0,0.0,0.0,0.0,0.0,0.0
-3351798197466365507,0.0,0.0,0.0,0.0,0.0,0.0
-4836208615476201527,224.14291210132245,126.28216326690884,136.5136752795535,112.75491560534316,118.33023022923228,99.991492940827
-3275322742196568729,181.7071725182159,98.55884811924145,129.9740338485119,83.222784,107.1179801253496,86.5782272
3161192129496036917,0.0,0.0,0.0,0.0,0.0,0.0
-7329019186311942545,0.0,0.0,0.0,0.0,0.0,0.0
3925887731477283107,0.0,0.0,0.0,0.0,0.0,0.0
-4140351155649070814,0.0,0.0,0.0,0.0,0.0,0.0
6394454112382471681,0.0,0.0,0.0,0.0,0.0,0.0
-3510640692117391754,293.6696294016266,94.50244186112,146.6527112449515,79.02848,143.44203690494706,73.7856
393184467998292895,81.27208314681496,98.55884811924145,132.5091276258395,83.222784,91.16991563343936,90.40300914460704
2857002598292715915,0.0,0.0,0.0,0.0,0.0,0.0
-8339869072229312046,0.0,0.0,0.0,0.0,0.0,0.0
5964937258038433937,91.03756327508984,111.44816295249606,99.52776335171303,85.96917243766322,99.75821483607707,85.10255879988081
-6907470433632348640,0.0,0.0,0.0,0.0,0.0,0.0
1956755999509084724,173.98669601107892,79.02848,63.271873175031885,73.7856,64.83367671005185,91.9732411708641
-1917584533092425868,95.601953488896,47.89055799651633,67.232,147.40651813416557,89.26258176,159.33109544300743
1125503199255702495,0.0,0.0,0.0,0.0,0.0,0.0
-6468267431449690394,166.1871306331727,163.0479031498486,172.08032162136536,180.65290265636744,163.38788741408374,97.18525023289342
-6457957861529820288,0.0,0.0,0.0,0.0,0.0,0.0
-2679716404459447250,0.0,0.0,0.0,0.0,0.0,0.0
-6333787260484880158,0.0,0.0,0.0,0.0,0.0,0.0
-7223991989386124589,109.34237361427708,79.02848,54.68062976434812,98.55884811924145,36.0,36.314676286712285
5439624593625454248,0.0,0.0,0.0,0.0,0.0,0.0
-129881867160055666,36.0,72.04253784397989,99.07766279631451,51.68169747021824,48.8,59.88686693006814
-5001599506276884433,0.0,0.0,0.0,0.0,0.0,0.0
5357116403239452562,0.0,0.0,0.0,0.0,0.0,0.0
9176771262039839033,0.0,0.0,0.0,0.0,0.0,0.0
8694467360861846222,0.0,0.0,0.0,0.0,0.0,0.0
-1000802276196528080,0.0,0.0,0.0,0.0,0.0,0.0
4493294813708247696,0.0,0.0,0.0,0.0,0.0,0.0
-6107741773417892108,99.97403851570732,147.4425548901631,99.97923081256586,99.97923081256587,99.98936617603373,131.04137021916057
8153738828707805633,0.0,0.0,0.0,0.0,0.0,0.0
-8408935809426850532,0.0,0.0,0.0,0.0,0.0,0.0
2627798810610584223,75.94855862935822,112.0640647425064,99.96754814463416,79.11405773260692,99.37365516486472,185.595652398946
108332727275524957,52.708308384562976,48.8,67.0378528417083,97.18525023289344,73.7856,48.90680216562018
4498734092542682750,0.0,0.0,0.0,0.0,0.0,0.0
7378614809570656746,0.0,0.0,0.0,0.0,0.0,0.0
-2221463915627924222,330.5661207344165,105.29394606412836,56.60675339815485,83.45540050232914,98.25072412720216,99.52776335171303
-7091399277880373810,83.222784,44.84994823598088,67.232,105.72271535672152,0.0,185.6016714420823
2929074099252530271,111.52351228906574,49.981448610447366,39.19005216219282,79.02848,24.54798213244781,112.237574385399
-4979445260647189732,0.0,0.0,0.0,0.0,0.0,0.0
6199597897261790927,338.2358341021921,133.37669951377845,152.42038256918318,68.33515416682496,95.88726270400592,83.222784
8072958206772998553,73.7856,33.656557984612355,20.0,29.89222838181036,59.04,48.8
-5857087935292478142,0.0,0.0,0.0,0.0,0.0,0.0
-3539318091925183178,0.0,0.0,0.0,0.0,0.0,0.0
3825406428163270657,0.0,0.0,0.0,0.0,0.0,0.0
2672279150611794197,177.0066584169663,20.269696,73.33299327457425,79.02848,60.9611623972864,86.5782272
-4462120002045279148,0.0,0.0,0.0,0.0,0.0,0.0
2750174372353657946,86.28279388450115,76.48874644578501,67.232,372.08665426341986,86.83160921594322,86.5782272
9039947435860187021,0.0,0.0,0.0,0.0,0.0,0.0
-2742218573341327480,0.0,0.0,0.0,0.0,0.0,0.0
7594819207413298383,0.0,0.0,0.0,0.0,0.0,0.0
3786260272356462007,0.0,0.0,0.0,0.0,0.0,0.0
-9043399765109742845,0.0,0.0,0.0,0.0,0.0,0.0
1745281602998269354,0.0,0.0,0.0,0.0,0.0,0.0
7067651360759274181,0.0,67.232,0.0,20.0,91.410065408,36.0
-3465870017630354984,0.0,0.0,0.0,0.0,0.0,0.0
-8700155458082336963,0.0,0.0,0.0,0.0,0.0,0.0
-3523718965976118079,0.0,0.0,0.0,0.0,0.0,0.0
2031120728534876109,0.0,0.0,0.0,0.0,0.0,0.0
-6699822805708666550,57.42416477009628,0.0,0.0,0.0,0.0,16.94459701795741
8574223750408123054,0.0,0.0,0.0,0.0,0.0,0.0
7954576150933703008,419.4093512660605,152.8070125497842,239.52372019602083,89.02904586341829,114.81880326067616,96.4815627911168
5423293198694580139,17.68406381502181,36.0,134.28793881615854,73.7856,67.232,20.0
2941087112428703758,0.0,0.0,0.0,0.0,0.0,0.0
-2754699990192855558,39.44336319180987,156.22588988494812,93.1280523264,431.07212208076743,102.22914312995272,91.410065408
-8804747766894228192,374.20893858569775,243.73158749048088,65.42935109304321,4.432,109.1628865327678,43.83514136576
-91757187189506931,340.960265114568,226.9656889732332,71.98511741425112,128.92567746853317,162.8522531543582,99.99319435266158
-2198870771270330016,0.0,0.0,0.0,0.0,0.0,0.0
-3542012171849037402,83.222784,3.831424,73.7856,78.34800292530258,59.04,48.8
6215536987188976740,91.95672863532992,111.9829997361766,97.18525023289344,94.29679884540556,99.69776854509637,261.3440419820177
-5906145981287047366,0.0,0.0,0.0,0.0,0.0,0.0
3689970281007454708,0.0,0.0,0.0,0.0,0.0,0.0
5844596278450351223,0.0,0.0,0.0,0.0,0.0,0.0
-5656371851469955642,165.76046649840245,94.9660798557831,64.3634921981908,99.26213023705162,93.1280523264,85.96075052628575
-5403286669527844186,0.0,0.0,0.0,0.0,0.0,0.0
-1395095115815174661,48.8,51.82022833286744,48.8,127.2139117690347,59.04,276.2255144729659
3624839793236140652,253.27933140222513,67.4984860829539,36.0,20.0,6.800000000000001,162.35338770174295
-6577321232620192096,132.943361949596,67.232,42.416420227341966,67.232,36.0,11.919999999999998
-2902072067006339140,0.0,0.0,0.0,0.0,0.0,0.0
-2070687999179515189,0.0,5.2,56.02290028388629,20.0,20.0,0.0
-3926697616911596021,0.0,0.0,0.0,0.0,0.0,0.0
2800992816367550035,15.31564544,0.0,91.410065408,0.0,48.8,20.0
-2288071058300345701,0.0,0.0,0.0,0.0,0.0,0.0
5079198694448593566,73.7856,0.0,20.0,48.8,0.0,2.0
-2996353741930470186,20.0,0.0,0.0,0.0,0.0,0.0
7427130422713937171,0.0,0.0,0.0,0.0,0.0,0.0
5984575413974485164,232.8547369446269,29.811162794713297,116.93960272841866,59.04,47.648064306935126,97.74820018631476
6957873940895296459,0.0,0.0,0.0,0.0,0.0,0.0
-3551668160684960980,0.0,0.0,0.0,0.0,0.0,0.0
5555902795006520017,7.378172198785887,19.39139737448472,93.1280523264,340.3762797621722,79.02848,20.0
-6388845918783087184,428.05473110278245,246.81758701699147,92.44465922131248,46.60847650533045,285.9431029088216,105.47559103626546
-8466780080883870150,0.0,21.914240000000003,55.10280074100177,73.7856,0.0,0.0
-1258420989724734405,246.0813124423548,48.8,0.0,0.0,26.071201430853627,20.0
-6355592593252079618,96.4815627911168,133.61976958106789,96.4815627911168,98.1985601490518,312.8739185349519,97.18525023289344
-424154310135921808,111.24093924095318,45.16525094184706,0.0,36.0,48.8,303.8912806635433
-6810433970112458375,441.81969348061807,236.74350178109069,99.99908656147667,98.55884811924145,99.87620599607146,328.6937486132272
-3406617209036061746,0.0,0.0,0.0,0.0,0.0,0.0
-3193542491884008557,0.0,0.0,0.0,0.0,0.0,0.0
-429488667846252612,0.0,0.0,0.0,0.0,0.0,0.0
-4367166777918677842,0.0,0.0,0.0,0.0,0.0,0.0
5099419773616784055,0.0,0.0,0.0,0.0,0.0,0.0
-1544734773734735334,0.0,0.0,0.0,0.0,0.0,0.0
2969071099227202058,0.0,0.0,0.0,0.0,0.0,0.0
5062464066549497535,0.0,0.0,0.0,0.0,0.0,0.0
7470144199881808640,0.0,0.0,0.0,0.0,0.0,0.0
1559834536938936237,0.0,0.0,0.0,0.0,0.0,0.0
9046437587456353994,0.0,0.0,0.0,0.0,0.0,0.0
-3598878570724636997,293.5390093081916,255.31305541287333,99.98338465005268,99.9999990953743,330.596640833876,99.9956443857034
-1159056688065420793,0.0,0.0,0.0,0.0,0.0,0.0
-3991464079064920288,87.00044352337383,92.26832962969634,292.51392151418685,99.97923081256586,48.8,91.410065408
-5241692204937352277,0.0,0.0,0.0,0.0,0.0,0.0
-3387184664740467863,497.4703787682929,275.58663261748524,99.99970068446468,99.99984675044593,151.6574608658182,333.17970539685075
-1330117130012580502,0.0,0.0,0.0,0.0,0.0,0.0
-8263727733293767407,0.0,0.0,0.0,0.0,0.0,0.0
-7244338487904534042,0.0,0.0,0.0,0.0,0.0,0.0
7230125489797422287,0.0,0.0,0.0,0.0,0.0,0.0
-1660674077457000325,29.995489880654983,251.1964890584329,79.02848,311.2510660291715,99.9998084380574,99.26213023705162
4398847065942244509,0.0,0.0,0.0,0.0,0.0,0.0
-6192068976402511191,27.370488054373723,16.62561046528,0.0,0.0,67.232,86.5782272
4349029582365426621,0.0,0.0,0.0,0.0,0.0,0.0
2609514637610133147,0.0,0.0,0.0,0.0,0.0,0.0
-437186173974465454,0.0,0.0,0.0,0.0,0.0,0.0
-5375712732740467416,0.0,0.0,0.0,0.0,0.0,0.0
3093533057814558712,0.0,0.0,0.0,0.0,64.60958307842235,0.0
-185085164576359696,0.0,0.0,0.0,0.0,0.0,0.0
-8856579870711626408,0.0,0.0,0.0,0.0,0.0,0.0
807964107110979277,0.0,0.0,0.0,0.0,0.0,0.0
8705721312834814615,99.90096479685717,205.21247427909023,99.52776335171303,99.69776854509637,99.80657186886164,249.70924734359045
-6399752913641976919,0.0,0.0,0.0,0.0,0.0,0.0
-4016996795403994150,0.0,0.0,0.0,0.0,0.0,0.0
304538463101774576,0.0,0.0,0.0,0.0,0.0,0.0
1475744589410209448,0.0,0.0,0.0,0.0,0.0,0.0
4017546994207712287,254.9062794012835,254.061478130012,194.08737201023527,200.453985358593,218.04665608257608,290.91878784270966
-7193472360856441023,73.0743495091834,149.39729888543368,236.3095335571824,86.5782272,99.84525749508931,99.69776854509637
1031701778418413791,0.0,0.0,0.0,0.0,0.0,0.0
8195453310529206601,188.28219167366584,247.4969222393005,316.1179382424063,124.79474548023715,99.99996786123911,217.2401367056092
7761483811160710132,320.76720597668407,228.82828988091865,197.87158090939948,99.98936617603373,209.30841174807813,99.52776335171302
4222278209205738949,79.02848,101.26222680600904,185.1741551008897,99.40970418964127,83.222784,89.26258176
5657742457560384273,0.0,0.0,0.0,0.0,0.0,0.0
-7344491007088433639,0.0,0.0,0.0,0.0,0.0,0.0
957718291986939843,134.25754080847253,151.58697687542315,265.2391710314071,97.74820018631472,79.02848,309.53910306397427
-2290052430334319728,91.8926301263617,114.92563079378414,227.9253550806471,48.8,79.02848,73.7856
3755112736487096288,382.365011071424,76.25485744186602,95.601953488896,151.54506977429983,97.18525023289344,185.55140427084203
1120156196900577395,365.59708113609975,171.35276775346563,95.36571683793954,257.41417736409045,94.50244186112,224.6944378265521
-2350476397682257546,394.6080982365255,250.8506894672813,65.83357994592528,159.72811157085155,171.76126535733536,229.91230693239527
2715179128305130644,0.0,93.1280523264,67.232,67.232,48.8,231.1767404111613
8438158069859601481,0.0,0.0,0.0,0.0,0.0,0.0
-6183989983503296767,192.305442669738,247.5162310814163,93.1280523264,96.4815627911168,321.6625261870815,91.410065408
-1205001702596545776,0.0,0.0,0.0,0.0,0.0,0.0
6595142776149978841,0.0,0.0,0.0,0.0,0.0,0.0
3320945328409588254,109.38858511344807,181.4756133080272,59.04,225.6287803651205,94.50244186112,73.7856
-2448762597578876104,352.8392793264751,164.7518530929874,99.96754814463416,99.99721240685018,248.42674921092623,99.52776335171303
-1969970660289683703,0.0,0.0,0.0,0.0,0.0,0.0
7832181525663706490,0.0,0.0,0.0,0.0,0.0,0.0
7882069629975659097,0.0,0.0,0.0,0.0,0.0,0.0
6344855252378932779,238.0524047543662,83.222784,73.7856,175.5197501601748,137.44305809261286,91.410065408
-7276233023117971106,0.0,0.0,0.0,0.0,0.0,0.0
6049367656742409778,0.0,0.0,0.0,0.0,0.0,0.0
-560274067908364798,0.0,0.0,0.0,0.0,0.0,0.0
-594559990106038894,0.0,0.0,0.0,0.0,0.0,0.0
767490275744818309,0.0,0.0,0.0,0.0,0.0,0.0
-1607264538392358214,0.0,0.0,0.0,0.0,0.0,0.0
857772704200922297,0.0,0.0,0.0,0.0,0.0,0.0
-5392397742962424401,0.0,0.0,0.0,0.0,0.0,0.0
8219533518050008420,365.09743504817914,210.53595093188343,93.1280523264,163.47704798110905,206.0731913593457,79.02848
6211143895882634830,0.0,20.0,0.0,165.36793966328852,20.0,48.8
-5745215257433387946,0.0,0.0,0.0,0.0,0.0,0.0
-771245756874116558,0.0,0.0,0.0,0.0,0.0,0.0
-874865020808162946,20.0,129.40833663974988,395.52033164169376,59.04,193.76664446081435,89.26258176
808507967734142160,0.0,0.0,0.0,0.0,0.0,0.0
5745933994680993466,0.0,0.0,0.0,0.0,0.0,0.0
-7150737691885714430,0.0,0.0,0.0,0.0,0.0,0.0
-5054795740275883818,0.0,0.0,0.0,0.0,0.0,0.0
9170652150956749619,0.0,0.0,0.0,0.0,0.0,0.0
5556614366283401533,0.0,0.0,0.0,0.0,0.0,0.0
-1583889251303137711,0.0,0.0,0.0,0.0,0.0,0.0
-9177248642136047331,44.078909291017865,0.0,93.1280523264,0.0,67.232,0.0
-3517321437696232822,0.0,0.0,0.0,0.0,0.0,0.0
2543380824143135743,0.0,0.0,0.0,0.0,0.0,0.0
-7324015909965794697,0.0,0.0,0.0,0.0,0.0,0.0
-1614198854337519268,368.63740121158247,248.05559695964664,43.4432256,100.41395206696612,17.255039999999997,142.32523555520098
312944873082155500,0.0,0.0,0.0,0.0,0.0,0.0
-8399808490916881748,354.049160210034,91.42859467512602,94.50244186112,83.222784,194.4091429526863,24.329126912
-1642399831180773899,36.0,0.0,36.0,20.0,7.76,10.64
3758395023902640736,0.0,0.0,0.0,36.0,3.0880000000000005,0.0
-2826623685273657412,0.0,0.0,0.0,0.0,0.0,0.0
5079782956368695812,0.0,0.0,0.0,0.0,0.0,0.0
-2635211748319648169,0.0,0.0,0.0,0.0,0.0,0.0
-32877990680983574,46.29915034853176,191.07574557927748,0.0,20.0,0.0,59.04
3306452199879942509,0.0,0.0,0.0,0.0,0.0,0.0
1898677284528231629,0.0,9.36,20.0,0.0,79.02848,0.0
6203370824559441962,0.0,0.0,0.0,0.0,0.0,0.0
3359119289075711409,0.0,0.0,0.0,0.0,0.0,0.0
-8650665557550391996,96.4815627911168,167.4873874556048,371.4069707094717,79.02848,104.69421277629992,91.410065408
5668948159018999153,0.0,0.0,0.0,0.0,0.0,0.0
2592847146723388013,0.0,0.0,0.0,0.0,0.0,0.0
-3460479899028063908,339.8565879419268,174.07616762489772,89.26258176,165.57576003272533,168.3854725919594,100.23369618699203
2152790243294394472,345.717444631942,142.83823157413343,26.102400000000003,164.73881988206108,97.74820018631476,170.81251660892755
-390922719036522203,160.06655682123116,173.36543440794168,333.5902145646588,120.0404075675256,99.99776992548014,150.73626928142517
-421245430926436826,0.0,0.0,0.0,0.0,0.0,0.0
8078273771065493126,315.5898832049669,163.04769070806188,166.38293157315744,98.84707849539316,156.69210952959295,145.186941228347
7697788262788311456,0.0,0.0,0.0,0.0,0.0,0.0
-3162348015604222246,228.3365356456057,251.1064464665816,93.01537512663975,202.9278478616745,81.69851327874979,140.30583355838152
2947796855487924269,89.26258176,0.0,93.1280523264,59.04,67.232,0.0
2721083144346004270,0.0,0.0,0.0,0.0,0.0,0.0
-5139955332772348314,129.97514368624533,135.26628565286163,20.0,0.0,48.8,83.222784
9101993521495108979,0.0,0.0,0.0,0.0,0.0,0.0
2135187114734018370,154.0017243463598,171.89943321642056,79.02848,48.8,0.0,20.0
-1043491733808419701,0.0,0.0,0.0,0.0,0.0,0.0
3377382383522986714,82.62066568713159,28.86518884835064,137.24793060954474,99.4097041896413,185.54345459888,73.7856
4464955146118518938,99.99455548212926,94.73169216356004,53.456983941125415,97.74820018631476,86.5782272,20.0
-916021928251434098,0.0,0.0,0.0,0.0,0.0,0.0
7236212451337243754,99.99994978318612,219.72670497116587,163.88757164734076,165.92014657540707,99.99976054757174,143.76743334430566
3235242582275519320,0.0,0.0,0.0,0.0,0.0,0.0
2747846971291855021,0.0,0.0,0.0,0.0,0.0,0.0
-3374393487552193127,0.0,0.0,0.0,0.0,0.0,0.0
-5134976774897910733,207.6907987171629,91.410065408,73.7856,75.64433997413579,16.843228078837043,54.824752848896
8044421286158574927,0.0,0.0,0.0,0.0,0.0,0.0
8258537133421198430,0.0,0.0,0.0,0.0,0.0,0.0
4860587168099197677,0.0,0.0,0.0,0.0,0.0,0.0
-3465092936817072269,93.98818749710335,0.0,0.0,0.0,0.0,0.0
-8678048244100327858,79.07587599513906,0.0,0.0,99.75821483607707,68.06405583110144,20.0
5397312062196131445,99.69776854509637,103.05182680428142,113.80465050611026,89.95405412396731,190.94090046437333,88.79511295976354
-5818676911899250032,0.0,0.0,0.0,0.0,0.0,0.0
-2484873735706065037,67.232,19.19647874171873,118.6129841602336,83.222784,91.410065408,36.0
3586999779572406422,0.0,0.0,0.0,0.0,0.0,0.0
921691680124769510,0.0,0.0,0.0,0.0,0.0,0.0
7842273841874750698,0.0,0.0,0.0,0.0,0.0,0.0
2238008188608695453,0.0,99.20559352235696,239.3738790099825,83.222784,0.0,104.2948831718636
1163776676648965189,99.26213023705162,20.0,48.8,135.03267174811015,20.0,202.7539515423324
-1467396537598638886,281.60486769025056,59.04,32.752500000154605,43.932910592,0.0,21.097459199518863
-4810151224597281318,0.0,0.0,0.0,0.0,0.0,0.0
4621610243281026283,0.0,0.0,0.0,0.0,0.0,0.0
-4426097693664757103,0.0,0.0,0.0,0.0,0.0,0.0
4214444674191153689,0.0,0.0,0.0,0.0,0.0,0.0
-5785432784480509005,380.55088616048124,98.1985601490518,97.18525023289344,127.21457271473996,97.18525023289344,109.04774235671198
-2948812689455304938,99.99976054757174,182.6004848069356,349.19810157492225,185.37821263479813,84.36658494277393,133.73411082870848
2817305535037058293,0.0,0.0,0.0,0.0,0.0,0.0
-7244493465735830855,78.95350041763218,99.84525749508934,22.060516352,75.20004098874129,177.8871851965434,86.5782272
9155241589010126071,62.43655603366133,96.92175374189212,99.20723972522144,75.50714920762685,182.7975104205678,96.4815627911168
-2249002411616483408,0.0,0.0,0.0,0.0,0.0,0.0
-329005817104046078,99.4097041896413,134.87109211542025,395.98997807585744,98.55884811924145,98.1985601490518,100.70469430135752
-1167998345813631048,98.1985601490518,38.61166608467328,91.72359656665635,70.97229157435966,258.635629409787,86.5782272
-1105357074744550410,0.0,0.0,0.0,0.0,0.0,0.0
831310279609444163,0.0,0.0,0.0,0.0,0.0,0.0
-7331429201291986241,327.7579379185748,99.99993722898265,167.3200810121915,176.8254108171626,102.71156833955384,109.4756915148622
-8114341704077537266,93.1280523264,73.7856,79.02848,53.9114836082688,79.02848,161.51402179637395
5933808722248929167,99.7663163200532,0.0,0.0,0.0,0.0,0.0
7179870800633622396,94.47416817335188,72.33240180997579,79.23981007820402,106.3011072734861,223.2537454786358,99.62221068137045
-6524331376464801073,96.4815627911168,73.7856,42.86188524472673,86.5782272,83.222784,68.79749458839035
5665874963554317923,48.8,20.56931469850544,65.70549945451423,67.232,86.5782272,59.04
-8691465531531739039,0.0,0.0,0.0,0.0,0.0,0.0
-6812609700819144510,0.0,0.0,0.0,0.0,0.0,0.0
1284368580377738173,0.0,0.0,0.0,0.0,0.0,0.0
4536952101890836272,0.0,0.0,0.0,0.0,0.0,0.0
-6493408702044522070,0.0,0.0,0.0,0.0,0.0,0.0
7442039515865667079,0.0,36.0,73.7856,49.29705320737887,86.5782272,48.8
-2632052303851230543,0.0,0.0,0.0,0.0,0.0,0.0
-1458702396163236737,100.0521170756632,99.9998084380574,269.5116540695768,156.26681649035146,99.58318782178866,118.8906570323833
7424091579731751624,81.82116710680229,99.99455548212926,94.50244186112,92.84832676483924,99.98670772004216,156.35107234220953
2296944510289602181,99.69776854509637,69.6961245304774,96.9368455071129,97.74820018631476,79.02848,248.9105518840335
-6685960231331713473,0.0,0.0,0.0,0.0,0.0,0.0
9115136545967569118,99.97403851570732,82.75757629240411,310.99423137744674,99.84525749508931,82.21536307030021,92.94097005618195
-8530446871614509153,0.0,0.0,0.0,0.0,0.0,0.0
-8789025519282572079,0.0,0.0,0.0,0.0,0.0,0.0
-8255714827177120637,0.0,0.0,0.0,0.0,0.0,0.0
381194530834673552,75.14255554371962,68.4927547832145,79.45331476688872,114.9111997929965,209.0509361529359,97.18525023289344
-8496547535971173835,99.98338465005268,81.47817292023237,121.11482582057135,69.10930799924706,93.2445714541,91.410065408
-8095149061329841803,94.41118331755126,93.01061569802016,86.3638413954339,89.42124436199298,188.59737606935315,99.80657186886168
-1860192212657467687,0.0,0.0,0.0,0.0,0.0,0.0
-2839219523616401078,79.02848,35.94218126810264,42.34680158018996,86.5782272,152.75796457662264,73.7856
4748443773417579311,0.0,0.0,0.0,0.0,0.0,0.0
5383041897328787670,216.0661388714986,98.1985601490518,40.40626268876833,74.48503275708451,112.4410040678633,83.222784
3450767043442782591,361.75085072422803,97.18525023289344,86.5782272,47.40579514070463,91.94692172951426,87.60976570685472
-3473691830447927394,99.98338465005268,116.88707272441714,325.49361304719645,118.71896930799156,105.38781559758802,112.75184649551616
-7870892192431414328,97.18525023289344,54.611677379777376,117.05454787150128,89.26258176,79.02848,139.9817856675937
-2136223554871273861,83.222784,115.02125511005696,419.1881618130011,95.601953488896,79.02848,114.96981451300029
-2468363716510679410,342.76764332219176,229.9526038018042,116.26478085956454,101.25858915875264,89.80864948260813,88.29872437097497
-6507421303775371129,99.87620599607146,99.4097041896413,86.67216137666604,85.54535759652356,99.75821483607707,64.60023407382519
8441034418983114085,0.0,0.0,0.0,0.0,0.0,0.0
6824983984493844529,0.0,0.0,0.0,0.0,0.0,0.0
6695045079524271223,47.66940030182665,105.19172008282676,251.1865542719139,80.84663202513508,125.7983162204853,83.222784
3858968874254679241,0.0,0.0,0.0,0.0,0.0,0.0
7071684984604655819,0.0,0.0,0.0,0.0,0.0,0.0
4382698165003361260,0.0,0.0,0.0,0.0,0.0,0.0
3756683129724565594,0.0,0.0,0.0,0.0,0.0,0.0
-6986388459958021130,0.0,0.0,0.0,0.0,0.0,0.0
-4842636012936536986,152.869740782714,48.8,48.8,60.09768285071242,181.7804590818725,79.02848
-7835429047161189597,0.0,0.0,0.0,0.0,0.0,0.0
-4769822569510848827,0.0,0.0,0.0,0.0,0.0,0.0
5109006277764778379,53.69353289547527,79.02848,59.04,41.23287048770693,48.8,59.04
-2543118138439635208,369.9227609329536,67.232,99.2621302370516,101.99353925719248,97.18525023289344,113.31810997934456
-314489057198569630,0.0,0.0,0.0,0.0,0.0,0.0
6779561043196029070,0.0,0.0,0.0,0.0,0.0,0.0
701602978501116645,0.0,0.0,0.0,0.0,0.0,0.0
-5873846374905344985,0.0,0.0,0.0,0.0,0.0,0.0
-5502978018115922288,0.0,0.0,0.0,0.0,0.0,0.0
273326779219407326,0.0,0.0,0.0,0.0,0.0,0.0
-7816932600537319330,0.0,0.0,0.0,0.0,0.0,0.0
5773911203409834864,0.0,0.0,0.0,0.0,0.0,0.0
4196006030327953503,0.0,0.0,0.0,0.0,0.0,0.0
19129105183479367,0.0,0.0,0.0,0.0,0.0,0.0
-39819054748929251,0.0,0.0,0.0,0.0,0.0,0.0
-6236962173287600022,0.0,0.0,0.0,0.0,0.0,0.0
-8802278719902560054,148.96669546542137,89.26258176,86.5782272,59.05560903974275,98.1985601490518,95.84501319149682
1214105672390352947,0.0,0.0,0.0,0.0,0.0,0.0
8194247382178966766,0.0,0.0,0.0,0.0,0.0,0.0
-3759906776885778499,0.0,0.0,0.0,0.0,0.0,0.0
-5510683525503979167,0.0,0.0,0.0,0.0,0.0,0.0
-5171720880072287187,0.0,0.0,0.0,0.0,0.0,0.0
-7569518733366083645,0.0,0.0,0.0,0.0,0.0,0.0
-3870894069277299903,0.0,0.0,0.0,0.0,0.0,0.0
-8758109156513552413,324.62212206614237,89.26258176,91.410065408,125.24028874231036,99.62221068137045,101.53607450953312
-7931060945681101309,0.0,0.0,0.0,0.0,0.0,0.0
8997065976780282446,78.93216934079591,67.232,83.222784,75.34294745406008,150.91083841913257,67.232
5332896780701440494,0.0,0.0,0.0,0.0,0.0,0.0
4962392832171952853,281.31346774332513,123.6692022562573,100.09572320423564,111.2588112338965,86.72256688685731,78.22424919006242
-3716259058495684110,53.056570368,87.45789980318656,70.30644298543517,81.75043015351442,112.09834125177254,83.222784
-5719341861468991558,79.02848,8.774288765107734,46.19301949399772,73.7856,77.97677741351498,36.0
-2857839009223871936,0.0,0.0,0.0,0.0,0.0,0.0
-188025564197359192,137.2142764340013,67.232,91.410065408,50.72323026925602,54.88133037470516,27.81056304657344
3526171412269734892,93.1280523264,91.77622893929964,341.0724455584453,94.50244186112,42.72495104,49.348805632
-918107305669155618,0.0,0.0,0.0,0.0,0.0,0.0
6036206742819458083,74.3057222079742,97.18525023289344,66.64801798111573,79.84844948023634,89.26258176,85.91673093328068
1988336336882316503,88.70219822001357,59.04,67.232,32.30150325600256,95.601953488896,30.288512000000004
624237716830054951,99.9594351807927,81.68057686196613,97.95372571176148,81.25413221667382,99.4097041896413,78.41255119921574
6278635699103989387,96.4815627911168,23.757640037262952,54.185311494497455,48.8,59.04,56.6057098821632
3183009303317853293,0.0,0.0,0.0,0.0,0.0,0.0
-1664140475196600616,0.0,0.0,0.0,0.0,0.0,0.0
-3318364951575189437,0.0,0.0,0.0,0.0,0.0,0.0
-264360120659573430,98.6514361006561,83.85979697956276,306.3788812345609,105.15876174081562,84.42204683531668,78.52388804264528
5272476922105714100,0.0,0.0,0.0,0.0,0.0,0.0
-1089571913935964209,48.8,196.7697625834953,317.6088376897161,99.87620599607146,73.7856,5.2
-4878711438249748406,0.0,0.0,0.0,0.0,0.0,0.0
-1688406138488554797,53.004158345216,56.73915304391024,128.78736483561616,79.59483471659198,94.63549329891694,99.84525749508931
2237350730626731403,98.84707849539316,43.79990879257503,55.656791606260505,59.04,11.4464,0.0
-4326184571407311173,0.0,0.0,0.0,0.0,0.0,0.0
-6945645530380381116,126.3400229165743,48.8,67.232,12.9035187366938,19.2928,36.0
-9006255155587578694,0.0,0.0,0.0,0.0,0.0,0.0
-8097198142402094831,0.0,0.0,0.0,0.0,0.0,0.0
7734285346596056405,192.16643742556445,98.55884811924145,99.4097041896413,110.17379014953576,104.58639471787072,104.49311112969076
-4152396076928122596,275.4077291691381,83.55138739932111,134.9415989608822,134.01569411433513,112.3901942194432,98.60526519057376
-5304324862023973142,103.10495124702516,90.47768500887804,97.3516963767613,107.963509542274,223.16851292458875,99.99319435266158
-8257560023852717428,59.04,31.620160101854744,265.6245306784953,98.55884811924145,70.76669761524695,91.410065408
6421873390274058872,121.795063657147,142.6717372142807,107.1651562412713,143.8542693703005,99.99993722898265,143.3172493950606
-8812322293932744386,91.410065408,84.40009133623906,323.7247518606039,99.62221068137045,112.77391121082576,84.23293859435898
-8432684845409151882,0.0,0.0,0.0,0.0,0.0,0.0
-1791321191424434571,122.60593541474267,91.410065408,83.222784,63.29072201726452,84.91014728746055,95.601953488896
4400130821792229329,0.0,0.0,0.0,0.0,0.0,0.0
6325297492410036731,0.0,0.0,0.0,0.0,0.0,0.0
2885670030479702991,0.0,0.0,0.0,0.0,0.0,0.0
7971761375128965764,104.00476642214464,99.07766279631451,91.410065408,96.1848965701976,89.26258176,138.35107284405794
-2384165853171348127,0.0,0.0,0.0,0.0,0.0,0.0
-785733957434207061,94.50244186112,102.93162665725472,158.25057033359894,98.84707849539316,89.26258176,140.3265983457546
7193862392430726687,0.0,0.0,0.0,0.0,0.0,0.0
8590307738521095783,0.0,0.0,0.0,0.0,0.0,0.0
3652960130970757197,0.0,0.0,0.0,0.0,0.0,0.0
-4272064475566118884,0.0,0.0,0.0,0.0,0.0,0.0
-7180055437567897376,302.20238528691164,132.38742107113782,127.7285502780731,187.6126992844057,124.56511147262626,90.93628368999175
4108834978803708941,99.90096479685717,124.02482992461547,365.32598822819836,98.84707849539316,143.27454209226997,115.49503318283318
7418332105998594384,0.0,0.0,0.0,0.0,0.0,0.0
-4609370252037843115,102.2998629071274,117.51732052399947,181.30050087348928,110.84344569224211,99.26213023705162,140.41617663491536
4016052272766049108,404.4011584615167,89.26258176,73.7856,97.26548328725475,83.222784,95.95438140081838
-6692877089060628367,136.73652867090934,139.29085962363055,125.0391656849913,146.79632547135216,99.99908656147667,270.2180073136407
-7476382775004347134,118.0309718161524,139.7735855208118,196.3645790442785,99.26213023705162,96.4815627911168,174.20005187607714
1646911731071561031,161.64256719749042,93.1280523264,93.1280523264,141.2657092087876,169.9584551080638,93.1280523264
446842364166253106,0.0,0.0,0.0,0.0,0.0,0.0
-5815683951885933405,335.6628091791301,96.86663594246907,99.96754814463416,145.89392108511402,135.1180485575403,121.96486652035216
-7241980712259697130,62.81850801074451,36.0,67.232,141.57499975420296,98.55884811924145,79.02848
-8108755641640878014,0.0,0.0,0.0,0.0,0.0,0.0
-3227169081232477199,0.0,0.0,0.0,0.0,0.0,0.0
-3514658350034485954,59.04,69.71328998151958,124.63324566559986,97.18525023289344,79.02848,160.40843493125092
-2043451251169112146,97.18525023289344,135.30777497652673,341.5408274583111,97.18525023289344,106.0548135453844,41.9782933873134
2289458219426661353,0.0,0.0,0.0,0.0,0.0,0.0
7556355116981221810,98.88807826588216,129.55453193318067,189.1994781518056,124.0134579859922,99.99999779144116,127.86924923196716
2822190873297406158,256.5920722010196,119.01898949778251,95.601953488896,132.7499203519637,99.75821483607707,137.9323124426148
2421869231835458024,79.02848,198.54011788428232,123.1003002952062,73.7856,67.232,111.12502650803388
4327724678146872908,0.0,0.0,0.0,0.0,0.0,0.0
-2109161994739508769,135.75060857780372,143.20953906185233,274.2167305428679,99.9594351807927,118.5377761465906,107.02226386188224
-2674558993660396240,86.5782272,87.46641445871985,323.6482531922388,67.232,48.97322162402365,59.04
4796909735506603916,274.35472844809414,120.12980857039103,55.21711987903597,219.4438632776001,109.6958900130154,148.29262315070426
6394841161887661336,330.2835817316888,99.07766279631451,98.1985601490518,114.1683927153392,129.09675697354777,102.65466363180646
-4751197602769977654,0.0,0.0,0.0,0.0,0.0,0.0
-7701080310368833286,130.61044891223972,124.69506440238962,138.69327892580787,111.15498526063654,99.75821483607707,107.37471967434982
-9043940430645920828,201.3526142119419,107.1977028495634,57.1893892268032,98.84707849539316,95.2718617298682,67.232
4228558360979235069,66.9371636004086,59.04,48.8,20.442013081600003,23.820270398959074,91.410065408
937302366795853113,128.49632885626707,59.04,59.04,86.67606852169887,60.60287320843757,69.89439142674414
-8727678403644593368,0.0,0.0,0.0,0.0,0.0,0.0
-4136513266504513443,48.8,52.3011247211061,54.7397805118587,86.5782272,79.89931426150484,36.0
535836986216358735,0.0,0.0,0.0,0.0,0.0,0.0
6285320858587066902,0.0,0.0,0.0,0.0,0.0,0.0
-6162751930472878371,73.7856,62.39973042860821,161.65801602137938,83.222784,97.01030656501202,73.7856
2667651373374933308,170.62493615464868,94.50244186112,97.74820018631476,103.37441209018868,114.92103929528832,94.50244186112
6569510479040287244,0.0,0.0,0.0,0.0,0.0,0.0
-132572064278156970,71.94864865237402,57.16322562505305,48.8,56.6334728192,103.44069610101978,98.84707849539316
4539447082307940574,0.0,0.0,0.0,0.0,0.0,0.0
-5071313244727703725,0.0,0.0,0.0,0.0,0.0,0.0
3217633665837012762,99.99995982654887,118.6461534198489,101.24801969663456,99.98670772004216,144.2703782362211,99.99885820184583
-7244924051554976237,0.0,0.0,0.0,0.0,0.0,0.0
-5756708094303084980,0.0,0.0,0.0,0.0,0.0,0.0
-1441537165657750440,0.0,0.0,0.0,0.0,0.0,0.0
-4198858725503187333,0.0,0.0,0.0,0.0,0.0,0.0
4293177754564851984,118.7271640258484,91.410065408,89.26258176,76.98234470813442,90.05130754204983,99.07766279631451
-1166658786956968583,0.0,0.0,0.0,0.0,0.0,0.0
7747728941761373436,89.26258176,147.9136783858969,109.6655902881256,93.1280523264,89.26258176,99.52776335171303
1964505294193253729,0.0,0.0,0.0,0.0,0.0,0.0
-8740344773144301119,0.0,0.0,0.0,0.0,0.0,0.0
-3734756455037415889,0.0,0.0,0.0,0.0,0.0,0.0
2354648976144246084,0.0,0.0,0.0,0.0,0.0,0.0
-2607321969595209352,0.0,0.0,0.0,0.0,0.0,0.0
-2338132237539880700,0.0,0.0,0.0,0.0,0.0,0.0
3899218429719308452,0.0,0.0,0.0,0.0,0.0,0.0
51326043490979337,0.0,68.8774370493144,86.5782272,190.3065810745589,59.04,90.23163523783496
7220215977745242769,0.0,0.0,0.0,0.0,0.0,0.0
-6390138857879438444,0.0,188.6301452847732,206.7262155899348,91.410065408,99.99908656147667,99.99996786123911
-2708879406595687126,0.0,0.0,0.0,0.0,0.0,0.0
-429051633551027186,0.0,0.0,0.0,0.0,0.0,0.0
-1517517935998529203,99.92077183748574,179.6592140457323,430.34640978791,187.5412680052589,89.26258176,100.7562444580513
7643546297639307783,455.8099872985144,36.0,36.0,19.27822912584839,48.8,48.2149670359771
-3295782872606502906,20.368,19.085251137208413,120.76610133802458,80.93806838452001,142.14108169242965,67.232
-8109084227108138082,0.0,0.0,0.0,0.0,0.0,0.0
-6731594845919156318,99.75821483607707,99.26213023705162,381.5396519545127,234.6879142556115,83.36953726672586,104.16960369396256
6116298306503655301,54.06372214567324,77.81917038284637,152.3881727805142,101.71262757069796,189.39568389743087,49.688980463616
-7409185070511324037,151.849851630901,98.84707849539316,361.6508505075923,164.66454352878984,99.92077183748572,152.67089764399512
4407728946306350473,59.04,76.48485040357605,204.30215106081053,83.222784,86.5782272,52.7237283400062
-7513615687232544724,0.0,0.0,0.0,0.0,0.0,0.0
5002669071797968867,61.464237285376,33.46602496,71.4925372979041,100.279193120814,268.63613423600555,96.4815627911168
6093540265115052385,0.0,0.0,0.0,0.0,0.0,0.0
4356033385124771013,0.0,0.0,0.0,0.0,0.0,0.0
-7248818670079584677,67.232,18.81507372333653,42.33960588733052,29.72272043655168,108.18634494103873,91.410065408
-4610671563045005245,83.222784,20.279514595744377,36.3655473152,15.526386966528,59.04,48.8
-6106338417177090384,0.0,0.0,0.0,0.0,0.0,0.0
2555455712667062800,20.0,59.04,36.0,97.18525023289344,2.0,59.30276546363963
-405411131341783621,36.0,20.0,20.0,73.7856,18.87050814349907,17.1203906977792
6821981260833214569,0.0,0.0,0.0,0.0,0.0,0.0
5214390789507698218,137.80957290949277,36.0,0.0,18.38533842790631,26.352124951572787,67.232
-8134125669284505565,0.0,0.0,0.0,0.0,0.0,0.0
92001062564977229,0.0,0.0,0.0,0.0,0.0,0.0
-3667617579607260905,0.0,0.0,0.0,0.0,0.0,0.0
2589180116640749322,0.0,0.0,0.0,0.0,0.0,0.0
-5634983381021679554,67.232,10.118954031673509,2.7186227200000004,0.0,20.0,0.0
-1718869602377881440,0.0,0.0,0.0,0.0,0.0,0.0
-8089415783979855742,0.0,20.0,48.8,21.041341440000004,36.0,0.0
-3953206857813951529,0.0,0.0,0.0,0.0,0.0,0.0
3695381574717092375,0.0,0.0,0.0,0.0,0.0,0.0
7291593511382651040,0.0,0.0,0.0,0.0,0.0,0.0
3445299362689889338,6.711424,95.601953488896,0.0,11.4464,20.0,36.0
5363904466249861109,0.0,0.0,0.0,0.0,0.0,0.0
4359124080617136522,0.0,0.0,0.0,0.0,0.0,0.0
9017462780718203898,0.0,0.0,0.0,0.0,0.0,0.0
4478624916911426156,0.0,0.0,0.0,0.0,0.0,0.0
-1711427294351837615,20.0,67.232,0.0,36.0,34.206301311732545,2.0
-5881304180269353,0.0,0.0,0.0,0.0,0.0,0.0
-5377918602432937320,0.0,0.0,0.0,0.0,0.0,0.0
3889866278998887436,0.0,0.0,0.0,0.0,0.0,0.0
5943192956182882140,0.0,0.0,0.0,0.0,0.0,0.0
-520085626869697636,183.0341412700025,86.5782272,79.02848,61.7675651374621,73.7856,48.763861282274846
8307984420965447235,0.0,0.0,0.0,0.0,0.0,0.0
1410948377891673689,0.0,0.0,0.0,0.0,0.0,0.0
-2673711699561874264,113.50963548899864,137.20296516860066,227.84056179309508,84.24453790736308,98.1985601490518,139.22464870033045
3211631822958337783,297.3812203240042,59.04,67.232,82.9708189788264,86.5782272,59.47620197855955
-2782109506060758476,60.964892804516055,83.222784,48.8,158.4576226197784,101.63448889970208,67.232
-7769668355550385487,0.0,0.0,0.0,0.0,0.0,0.0
4955802971333219436,303.28870425848805,169.2908017882471,87.12439637964542,219.3530129755717,142.24047452360793,115.3811370579857
1115669835714708278,110.72326536774092,82.00987738358864,98.55884811924145,98.55884811924145,156.65158731250983,99.07766279631451
-1964110878584331396,73.7856,90.2274550142212,342.4556763177149,94.50244186112,64.50706354150994,73.7856
-5056027470669813049,0.0,0.0,0.0,0.0,0.0,0.0
-509080181316867430,0.0,0.0,0.0,0.0,0.0,0.0
-4307377333428132089,0.0,0.0,0.0,0.0,0.0,0.0
-1373496910619780465,0.0,0.0,0.0,0.0,0.0,0.0
-4133259017530728430,0.0,0.0,0.0,0.0,0.0,0.0
6924792612946078201,48.8,158.26582478939432,108.2717073969964,79.02848,99.80657186886168,60.09005428398798
1474964367665891034,0.0,0.0,0.0,0.0,0.0,0.0
7517457212713645211,99.75821483607707,70.63241418258843,99.9594351807927,98.1985601490518,192.0266846842129,98.84707849539316
3638491214128562737,0.0,0.0,0.0,0.0,0.0,0.0
8278089788943898770,96.69626206607076,124.96874973556965,153.20770107138304,99.97403851570732,73.7856,309.7945652750214
1098149249964744917,0.0,0.0,0.0,0.0,0.0,0.0
5325937994350292288,97.74820018631476,94.96252173957951,147.94416642735976,86.5782272,36.0,95.601953488896
-8502174294625400752,234.5145211063613,83.222784,59.04,102.62593667349122,63.61862059752958,83.222784
-7145237099373154858,0.0,0.0,0.0,0.0,0.0,0.0
8496642945815861231,0.0,0.0,0.0,0.0,0.0,0.0
-8110251174467751528,399.4124764230458,91.35331851811688,79.02848,112.30943414589332,67.232,147.60995227591565
-6879476142504812688,0.0,0.0,0.0,0.0,0.0,0.0
-5779403146614535906,150.2156367644598,20.0,83.222784,36.0,126.36371688958587,48.8
6960666862722078581,0.0,0.0,0.0,0.0,0.0,0.0
4407175517149315063,0.0,0.0,0.0,0.0,0.0,0.0
-6232045944390822350,0.0,48.8,0.0,20.0,2.0,0.0
-3760309859789913393,0.0,0.0,0.0,0.0,2.0,0.0
8367544251757394774,50.144000000000005,0.0,0.0,0.0,0.0,0.0
-2595715760656943326,0.0,0.0,22.454174720000005,0.0,0.0,0.0
-8931286158395848184,75.97470720000001,0.0,0.0,0.0,0.0,0.0
-4603038171041521192,67.597568,0.0,0.0,0.0,0.0,0.0
-2366696333331361456,39.2,0.0,0.0,0.0,0.0,0.0
2014738816447935469,211.8388301334109,0.0,0.0,0.0,0.0,0.0
8443881626767500283,22.2070272,0.0,0.0,0.0,0.0,0.0
-295501696513233313,20.0,0.0,20.0,0.0,2.0,20.0
-8965353730957698102,0.0,0.0,0.0,0.0,0.0,0.0
-5938926469805287434,0.0,0.0,0.0,0.0,0.0,0.0
-8687375863897536346,7.76,2.0,0.0,2.0,27.42892478142912,0.0
-8309964726705909927,90.37077988393196,17.43785411257968,48.8,67.232,48.8,6.66432
1847330956379021282,53.6776763260928,55.6149793754656,97.18525023289344,64.79667610043103,99.26213023705162,67.24568226998066
-3157256988190672424,0.0,0.0,0.0,0.0,0.0,0.0
-2029340605843298587,0.0,0.0,0.0,0.0,0.0,0.0
2273791390066929694,0.0,44.04266647775162,79.02848,71.784364032,36.0,26.59392
6059059769882250104,26.244287439675954,46.60022366686151,19.708544,19.24356170788897,69.06456423771633,97.18525023289344
-2110002854522311815,0.0,0.0,0.0,0.0,0.0,0.0
7150104430390258588,27.4464,73.7856,60.6321724381972,79.02848,59.04,3.6
-1597116500464999593,3.6,5.2,73.7856,27.808,5.2,36.0
3181158087009526009,0.0,0.0,41.80717845606564,20.0,29.8166528,0.0
-4665885604700761287,0.0,0.0,0.0,2.0,2.0,0.0
2400798406537558005,51.40608,6.391936,0.0,0.0,0.0,2.32
3949380746579156977,0.0,0.0,0.0,0.0,0.0,0.0
4421203632847100470,0.0,0.0,0.0,0.0,0.0,0.0
5304959956350197066,0.0,0.0,20.0,0.0,0.0,0.0
4973865715961107353,0.0,0.0,0.0,0.0,0.0,0.0
3099802984503513811,0.0,0.0,0.0,0.0,0.0,0.0
-3712446105102516742,0.0,0.0,0.0,0.0,0.0,0.0
-8970850717767050154,20.0,7.76,20.0,16.282013081600002,36.0,20.0
-4275775917064490779,0.0,0.0,0.0,0.0,0.0,0.0
-9071009511509944161,0.0,0.0,0.0,0.0,0.0,0.0
3793958880554518781,0.0,0.0,0.0,0.0,0.0,0.0
-5428628545673922991,51.873458176,30.85376,35.945376194560005,86.5782272,83.222784,24.464
4580005343619864657,0.0,0.0,0.0,0.0,0.0,0.0
-1538860420719122962,0.0,0.0,0.0,0.0,0.0,0.0
-4931556432043356879,26.869524709376005,5.0344192,31.127372800000003,0.0,15.31564544,67.232
-1401946319330206843,0.0,0.0,0.0,0.0,0.0,0.0
-4661276891337328740,0.0,0.0,0.0,0.0,0.0,0.0
4383537371350025755,48.04810455756833,24.011392,20.0,20.0,36.0,0.0
-5356645739246864227,0.0,0.0,0.0,0.0,0.0,0.0
1184940763020594723,0.0,0.0,0.0,0.0,0.0,0.0
234926733085137176,2.0,0.0,0.0,20.0,0.0,0.0
8222967144005769677,0.0,0.0,0.0,0.0,0.0,0.0
5209728074378655782,3.2416,0.0,0.0,0.0,0.0,0.0
883586732778588959,0.0,0.0,0.0,0.0,0.0,0.0
-3619953429461603422,0.0,0.0,0.0,0.0,0.0,0.0
1906044494495645916,0.0,15.852516352000002,20.0,0.0,0.0,10.469524709376
394422490042195378,75.9588091911078,12.75712,11.919999999999998,2.0,7.476501779120129,13.2
-692756235796856753,0.0,0.0,0.0,0.0,0.0,0.0
-5271180542692040821,20.0,48.8,0.0,0.0,0.0,0.0
8004592408558046665,0.0,0.0,0.0,0.0,0.0,0.0
3492255439088588520,0.0,0.0,0.0,13.114882279145474,20.0,36.0
6257710393921393219,0.0,0.0,0.0,0.0,0.0,0.0
2753924323514909446,0.0,0.0,8.869524709376002,0.0,0.0,0.0
8319120352294266973,0.0,0.0,0.0,0.0,0.0,0.0
4736127024901374341,0.0,0.0,0.0,20.0,10.646087889974725,0.0
5665744671470874117,0.0,0.0,0.0,0.0,0.0,8.871511469654017
-5952778111870209166,0.0,0.0,0.0,0.0,0.0,0.0
-6621000210994451539,0.0,0.0,0.0,2.0,0.0,0.0
7454316300977708262,0.0,20.0,0.0,0.0,0.0,0.0
-5060054477681307104,0.0,0.0,0.0,0.0,0.0,0.0
-806940481196619251,169.9041021494329,236.01783468664257,165.8221567705887,175.8479404678514,95.601953488896,219.6598672637664
796168481493114327,283.4918841515098,0.0,30.094194547132894,99.98936617603373,0.0,0.0
1157797512899006588,285.5791624401823,0.0,81.41546899622456,0.0,84.93997861863411,117.08040659082288
-3295907748943749330,0.0,0.0,0.0,0.0,0.0,0.0
5620007532920781411,0.0,0.0,0.0,0.0,0.0,0.0
-9099858571422147510,0.0,0.0,0.0,0.0,0.0,0.0
-993410329631800323,0.0,0.0,0.0,0.0,0.0,0.0
-4069248343838089419,0.0,0.0,0.0,0.0,0.0,0.0
6003745224510305427,0.0,0.0,0.0,0.0,0.0,0.0
-6786153766321141623,0.0,0.0,0.0,0.0,0.0,0.0
7180169149690301295,0.0,0.0,0.0,0.0,0.0,0.0
-7738479193652618077,0.0,0.0,0.0,0.0,0.0,0.0
5084504600477500404,41.23956118273391,0.0,73.7856,56.80984528842208,36.0,20.0
6607918130511086740,0.0,0.0,0.0,0.0,0.0,0.0
-456647932902050903,0.0,0.0,0.0,0.0,0.0,0.0
6977511165313957187,0.0,0.0,0.0,0.0,0.0,0.0
9215617362583020794,0.0,0.0,0.0,0.0,0.0,0.0
5279252325408693189,0.0,0.0,0.0,0.0,0.0,0.0
-6021840827566367370,0.0,0.0,0.0,0.0,0.0,0.0
-9206572027026472310,0.0,20.0,0.0,0.0,7.76,0.0
4180339517915686418,0.0,0.0,0.0,0.0,0.0,0.0
808198561195860768,0.0,0.0,0.0,0.0,0.0,0.0
-5507355950070461864,0.0,0.0,0.0,0.0,0.0,0.0
3403113497789391965,0.0,0.0,0.0,0.0,0.0,0.0
-4948160873928773829,0.0,0.0,0.0,0.0,0.0,0.0
-5335731069860399753,0.0,0.0,0.0,0.0,0.0,0.0
-8027043957057769334,0.0,0.0,0.0,0.0,0.0,0.0
-5540022945076236631,0.0,194.8057822942357,0.0,0.0,97.74820018631476,0.0
-7088824307945034819,0.0,0.0,0.0,0.0,0.0,0.0
-6873434240312907769,9.152242688,0.0,0.0,78.9958430960587,0.0,0.0
9184641388745161884,0.0,20.0,20.0,0.0,0.0,0.0
3335839673776608645,0.0,0.0,0.0,0.0,0.0,0.0
6131193740965514216,17.961314373772336,0.0,0.0,0.0,0.0,20.0
-2965420520230565020,0.0,0.0,0.0,0.0,0.0,0.0
2774980521216796238,0.0,0.0,0.0,0.0,0.0,0.0
-5396093922287982605,0.0,0.0,0.0,0.0,0.0,0.0
-6021441882343542614,73.02865800846988,0.0,0.0,0.0,0.0,0.0
4390667810711101869,0.0,0.0,0.0,0.0,0.0,0.0
7045864875194205135,0.0,0.0,0.0,0.0,0.0,0.0
7996963969161140055,0.0,0.0,0.0,0.0,0.0,0.0
3388390382881467554,0.0,0.0,0.0,0.0,0.0,0.0
-6264766498882415637,0.0,0.0,0.0,0.0,0.0,0.0
-613967379251653985,83.222784,129.73972258333603,67.232,226.6970185711839,123.1701856261405,89.26258176
-1086829567828901473,0.0,0.0,0.0,0.0,0.0,0.0
-1333304024984026523,0.0,0.0,0.0,0.0,0.0,0.0
-8173424834977686780,0.0,0.0,0.0,0.0,0.0,0.0
-3206880052013076821,0.0,0.0,0.0,0.0,0.0,0.0
-6034075663857582553,0.0,0.0,0.0,0.0,0.0,0.0
7960702197100855187,0.0,0.0,0.0,0.0,0.0,0.0
1441885216102294444,0.0,0.0,0.0,0.0,0.0,0.0
-7464315477126541222,0.0,0.0,0.0,0.0,0.0,0.0
-8117897252750220201,0.0,0.0,0.0,0.0,0.0,0.0
7949641421904980836,0.0,0.0,0.0,0.0,0.0,0.0
5423509262482746390,97.74820018631472,0.0,406.3604101183959,0.0,14.161353962275411,0.0
-5252076519929623749,426.1013024036439,120.4413126422642,2.0,12.007394490498374,20.0,111.35645424960516
-7096383402107753153,0.0,0.0,0.0,0.0,0.0,0.0
-3369458761888798752,301.50694368003946,161.8338134169103,91.89740519894268,105.68369488569904,92.08991800039674,96.5858635737056
-3689966647963537762,73.7856,215.9650566285825,83.222784,363.69299456920027,15.248,83.222784
2195335434297653463,0.0,0.0,0.0,0.0,0.0,0.0
-4911437864266031914,340.8700726143291,73.7856,115.88221458351067,67.232,54.996016537600006,13.328188102229117
6367745384968761373,0.0,0.0,0.0,0.0,0.0,0.0
-8232074168339382526,56.00292044734591,48.8,90.3395813913708,20.0,89.26258176,58.1367800826321
7664670771016013007,0.0,0.0,0.0,0.0,0.0,0.0
7653275579708544851,363.25591342281564,99.87620599607148,112.61422978780594,97.74820018631476,137.74899884226278,101.24551929649428
-3050895865876294861,96.4815627911168,39.40430839967152,72.09606107906005,52.15037655920525,162.55617605774904,83.222784
7759850975825470742,0.0,0.0,0.0,0.0,0.0,0.0
4477712575693889190,99.9999215362283,200.99314025429285,183.6140903835948,323.20177909544844,162.1945441516529,164.0567865132287
1159285541546263745,0.0,0.0,0.0,0.0,0.0,0.0
4607591358685556469,98.1985601490518,72.84716517251468,67.232,159.84398708457553,193.4794539735552,91.410065408
-6397610648950538885,85.65089258512074,149.0057243752088,111.14344497610448,154.94183037110648,99.93661746998858,201.25070699363792
-4225185574329336922,48.8,70.42716046473109,83.222784,57.6252612984832,98.55884811924145,36.0
-7454147338543719711,0.0,0.0,0.0,0.0,0.0,0.0
-6741168277452550546,147.67819531251266,94.50244186112,100.85349252266003,95.07941642319368,97.18525023289344,219.75797895593985
-2135035760370603046,95.86797355430062,99.92077183748572,152.18849346222248,97.74820018631476,98.1985601490518,79.02848
-8961177137526289272,0.0,0.0,0.0,0.0,0.0,0.0
-6153295343448457223,0.0,0.0,0.0,0.0,0.0,0.0
1305411862411746838,0.0,0.0,0.0,0.0,0.0,0.0
4050045610089011600,187.9907696006196,99.99999990286656,215.7745602882319,267.03905911985635,160.17563949866567,148.0241354439275
-7805691763544931109,99.9594351807927,152.88589763044916,99.26213023705162,204.25079156053016,123.60525832156463,102.60503558692965
-412154828820889974,0.0,0.0,0.0,0.0,0.0,0.0
6279933754916054105,93.00983101720648,95.17677861393088,191.4579372133768,267.52996996461303,131.80666343400685,94.99514637434964
1021980457270207127,107.57074295429916,67.232,0.0,0.0,10.839433427157651,36.0
-2019850806185557507,0.0,0.0,0.0,0.0,0.0,0.0
-973174527778977546,82.92898006400287,67.232,63.65080950426581,91.410065408,176.73704630942728,59.04
1343747503620782575,0.0,0.0,0.0,0.0,0.0,0.0
4845490995403315033,0.0,0.0,0.0,0.0,0.0,0.0
-373753316493058314,0.0,0.0,0.0,0.0,0.0,0.0
-5287925109016262917,6.800000000000001,56.0026494976,68.91580444999069,107.39391833191208,59.04,106.99832194085414
7448465390527463088,20.0,0.0,73.7856,0.0,36.0,0.0
-6438540467502394768,0.0,0.0,0.0,0.0,0.0,0.0
-794154138739954017,98.1985601490518,47.64605422373329,106.02272066248436,342.6072516373343,13.267092709376,20.88056648138752
3481364004343075591,10.93696,53.087066020210415,49.933459400504816,74.93959567062528,36.0,28.534529433600003
-7692181231647743168,0.0,2.32,48.8,13.805696,0.0,0.0
6194999664900164743,0.0,0.0,0.0,0.0,0.0,0.0
-6966179237649533448,0.0,0.0,0.0,0.0,0.0,0.0
-2985913206766223120,141.74298234386995,99.99908656147667,119.84511379974576,326.9130159119696,80.85853670065381,96.92856962259904
7905437547250782634,86.5782272,71.1083928129993,83.222784,181.4476983820656,50.03247718400001,30.080812682266032
-2219907106075292914,0.0,0.0,0.0,0.0,0.0,0.0
-291134129863340873,428.4806471651184,83.222784,90.01503940848971,59.04,97.74820018631472,36.0
1723894708705078565,21.658627538114693,67.232,25.41592536711168,59.04,145.6157808205784,48.8
-3518794161007739423,42.6043648,0.0,36.0,40.60376611321682,47.81755174113049,0.0
855781292666943105,446.9212162146849,46.521750364160006,21.202252800000004,97.18525023289344,91.410065408,87.28068379705077
-2117511278319558239,0.0,0.0,0.0,0.0,0.0,0.0
1842130323454376014,476.15666621496274,156.75267773931267,98.55884811924145,89.26258176,73.7856,201.19985785506023
-8441219925822861713,348.81993022444567,77.86133246175712,32.1759488,11.4464,165.7977913638293,0.0
-855008466895726731,0.0,0.0,0.0,0.0,0.0,0.0
-5636317757403109177,0.0,0.0,0.0,0.0,0.0,0.0
-4032220366879432915,310.00665957319114,48.8,121.36007365241429,67.232,72.86182308220441,79.02848
8037175825637705407,167.89875420711968,59.04,59.014307516241615,79.02848,59.04,111.31287137798977
5001570669934353452,99.07766279631451,105.976145001465,57.02652510968984,169.9654784461247,98.84707849539316,85.64901399382201
-5284341651565699939,0.0,0.0,0.0,0.0,0.0,0.0
1916498688212838812,0.0,0.0,0.0,0.0,0.0,0.0
-1291317824236341399,125.30065644493864,107.36935785434004,140.71178539939928,108.15903107004031,99.99999962946532,199.41558556056776
3771762441281733862,0.0,0.0,0.0,0.0,0.0,0.0
9202661886366776629,97.01825324653105,99.84525749508931,149.6943205772654,97.74820018631476,176.1293998734915,99.84525749508931
3711199233872109124,48.8,75.04372102824955,99.26213023705162,184.58947866796947,91.7525086320897,86.5782272
2861158764065996838,0.0,0.0,0.0,0.0,0.0,0.0
4062724172480800530,0.0,0.0,0.0,0.0,0.0,0.0
-81016288871664386,0.0,0.0,0.0,0.0,0.0,0.0
-7738414433386409372,0.0,0.0,0.0,0.0,0.0,0.0
-374512020525268877,0.0,0.0,0.0,0.0,0.0,0.0
-2727072828828876444,0.0,0.0,0.0,0.0,0.0,0.0
-9197795863748370158,94.50244186112,12.668375455053628,48.8,144.3563117544466,20.603520000000003,66.78510791695199
-7330286340252465844,0.0,0.0,0.0,0.0,0.0,0.0
8840128734122538455,65.97700394312264,125.20125352536564,77.8749574208203,84.15834247809455,99.84525749508931,194.9386137445446
-1668712132915332591,0.0,0.0,0.0,0.0,0.0,0.0
-2317470532097319621,0.0,0.0,0.0,0.0,0.0,0.0
-1044983561420731420,0.0,0.0,0.0,0.0,0.0,0.0
3971151326534065008,59.04,54.22618980797333,48.8,62.122782423004736,83.222784,37.77902296231146
6881476531996020006,157.53253652618724,89.26258176,101.01679961847717,94.50244186112,99.2621302370516,92.45226377259262
-7040450045921952417,0.0,0.0,0.0,0.0,0.0,0.0
5601593734265545070,0.0,0.0,0.0,0.0,0.0,0.0
-7730312113384793407,0.0,0.0,0.0,0.0,0.0,0.0
6898118646463241386,110.46570630517922,96.1036033252307,123.586696175381,136.6515909772668,99.87620599607146,109.93013958533612
8516140259593426566,0.0,0.0,0.0,0.0,0.0,0.0
-650043602206427533,96.4815627911168,73.95351036424108,86.5782272,160.88006736286394,73.7856,72.3714741140304
-6071585316287587622,89.26258176,108.61780346133985,97.74820018631476,199.97938184128955,63.81878194015224,73.7856
-5604621069448788537,127.97485445258404,113.38114808655534,203.08947891602065,300.5887787651652,118.63438910657167,168.82644960210283
-8074016310218402506,340.3005297311643,93.1280523264,146.84871494396572,94.50244186112,97.33712574392352,99.75821483607707
-8299339927563511840,0.0,0.0,0.0,0.0,0.0,0.0
9167729057439948818,0.0,0.0,0.0,0.0,0.0,0.0
-4500007388238982544,0.0,0.0,0.0,0.0,0.0,0.0
-8259850869677945121,91.410065408,98.1985601490518,74.44520182753956,98.77541986149306,221.7741699629519,93.1280523264
-2695216975230832867,0.0,0.0,0.0,0.0,0.0,0.0
8312334026627083768,0.0,0.0,0.0,0.0,0.0,0.0
-3377002855765892410,0.0,0.0,0.0,0.0,0.0,0.0
-1344863050156839483,302.76406333961336,99.99999962946532,183.2317867857473,182.43061243035697,190.82560588011165,145.39139418979738
-2832909828990769449,0.0,0.0,0.0,0.0,0.0,0.0
6350633505430494748,244.4975053630021,96.4815627911168,102.00914848693746,91.410065408,127.85049491077788,99.07766279631451
2028077238117253427,99.07766279631451,156.09032305599172,143.60560722571034,326.98766709627216,194.2891675994816,107.888794529545
-5075382728019837330,0.0,0.0,0.0,0.0,0.0,0.0
-9177865184880203285,0.0,0.0,0.0,0.0,0.0,0.0
6647323801518916929,25.49909131264,127.43305993225508,208.74153590285437,150.3641797091681,99.4097041896413,249.331733046765
435426896558208821,126.09726758949996,89.26258176,67.90161115610351,75.13821793608614,86.5782272,178.15774323044528
-9047623731206270701,0.0,0.0,0.0,0.0,0.0,0.0
7634685341281398883,67.232,33.32065002953584,0.0,48.28750492898924,36.0,20.0
4560589625677836372,34.907371247275165,67.232,124.65143687678356,67.232,73.7856,96.4815627911168
-306807417422496055,115.96016399503864,93.82036630926736,140.3692377452222,86.22053026985722,99.99908656147667,229.1590696997186
673494764449701716,0.0,0.0,0.0,0.0,0.0,0.0
-5186450387874065078,0.0,0.0,0.0,0.0,0.0,0.0
1790517126871947714,93.1280523264,112.29745662310371,47.680210837504,157.85362629049882,73.7856,251.1963225233812
-6141244241405042215,97.18525023289344,207.24122509877276,86.5782272,363.7821036089707,117.98197500040963,93.1280523264
1940282960359494639,0.0,0.0,0.0,0.0,0.0,0.0
-1088535912356695194,0.0,0.0,0.0,0.0,0.0,0.0
6040932890063276657,0.0,0.0,0.0,0.0,0.0,0.0
4473187566773535544,0.0,0.0,0.0,0.0,0.0,0.0
-5355881826578356718,0.0,0.0,0.0,0.0,0.0,0.0
-1442108086725927019,93.1280523264,73.7856,73.7856,90.25733835435116,142.49374288099833,59.04
8173330698204579798,0.0,0.0,0.0,0.0,0.0,0.0
1290467162121603599,0.0,0.0,0.0,0.0,0.0,0.0
-4232872072118681579,0.0,0.0,0.0,0.0,0.0,0.0
-4182279195038961720,99.26213023705162,99.80657186886168,111.15261875779083,99.07766279631451,208.33144965419444,99.80657186886168
1298335437431136374,0.0,0.0,0.0,0.0,0.0,0.0
4638717375039455716,0.0,0.0,0.0,0.0,0.0,0.0
-4225739379057991961,99.62221068137042,131.4611944570157,108.53969242164648,333.37221206375386,59.32858734883936,58.852628733952
824065985832121574,0.0,0.0,0.0,0.0,0.0,0.0
5733902242442689039,48.8,79.02848,36.0,56.10602017676602,41.564125527783546,20.0
7540544170501933644,0.0,0.0,0.0,0.0,0.0,0.0
1377159608591635378,75.53810161746638,94.58663042186885,72.0061294382764,99.69776854509637,99.62221068137045,96.27788955296664
-8853191882343222907,36.0,62.74023979074466,39.41616292888576,59.04,86.5782272,44.803689301850966
9115579269778807970,0.0,0.0,0.0,0.0,0.0,0.0
3563003928581158838,0.0,0.0,0.0,0.0,0.0,0.0
1846688066743652130,20.368,52.75253485156431,65.38884049808793,88.59292606649423,79.02848,48.72475934936269
1018472933932237598,0.0,6.121600000000001,36.0,19.47564544,67.232,36.0
1801504228204391454,0.0,0.0,0.0,0.0,0.0,0.0
-4273457076493564349,0.0,0.0,0.0,0.0,0.0,0.0
8289922962373679985,0.0,0.0,0.0,0.0,0.0,0.0
4837750561875891341,0.0,0.0,0.0,0.0,0.0,0.0
1696940391405297502,17.71176962384829,0.0,0.0,0.0,36.0,212.89183408627784
4256006802330482166,0.0,0.0,0.0,0.0,0.0,0.0
1395278256726757289,0.0,0.0,0.0,0.0,0.0,0.0
6031742864408739691,0.0,0.0,0.0,0.0,0.0,0.0
7773646958366733355,29.689944244563748,20.0,0.0,79.79608448221357,147.37554868712527,48.8
-3046720295703767470,20.0,9.913152186463671,48.8,149.21734483379873,16.282013081600002,20.0
8058140390840013026,0.0,0.0,0.0,0.0,0.0,0.0
7581769655705786874,0.0,0.0,0.0,0.0,0.0,0.0
2314587997685449539,0.0,0.0,0.0,0.0,0.0,0.0
9054342712304962147,0.0,0.0,0.0,0.0,0.0,0.0
5828415996806823802,0.0,0.0,0.0,0.0,0.0,0.0
-4654485782378603352,0.0,0.0,0.0,0.0,0.0,0.0
8448303821209797301,20.0,12.75712,20.0,29.22644265245597,38.365533544448,0.0
8149274017925658541,0.0,0.0,48.8,0.0,20.0,73.7856
-1191883399310275759,0.0,0.0,0.0,0.0,0.0,0.0
7056363443900362752,0.0,0.0,0.0,0.0,0.0,0.0
-2045667084614964183,0.0,0.0,0.0,0.0,0.0,0.0
7210217916117169325,0.0,0.0,0.0,0.0,0.0,0.0
-3953567941420154889,0.0,0.0,0.0,0.0,0.0,2.0
-3250102316291485166,20.0,0.0,0.0,0.0,0.0,0.0
2856707860486871554,0.0,0.0,0.0,0.0,0.0,0.0
-6390137937362240137,0.0,0.0,0.0,0.0,0.0,0.0
-6636011874206180368,0.0,0.0,0.0,0.0,0.0,0.0
-5717713184224403310,0.0,0.0,0.0,0.0,0.0,0.0
-8707024609322912595,172.75660316600204,174.14093008202352,113.45944000965974,172.43979310726587,194.548284561454,55.88546133536672
5461453568656433920,67.232,11.414877347735466,220.524225392462,83.222784,6.268498739731524,10.64
-8046113848563310627,0.0,94.50244186112,270.1838018819419,21.74420822928896,48.8,128.03974565729862
-3365030199612359542,48.8,205.9352136179584,11.414877347735466,0.0,94.23916442620462,9.36
-8307665011467402721,0.0,0.0,0.0,0.0,0.0,0.0
2722558397157701780,36.0,0.0,0.0,0.0,0.0,20.0
-4903367076788358587,0.0,0.0,0.0,0.0,0.0,0.0
-4001200159283832153,20.0,5.202268907107143,20.0,20.0,0.0,0.0
5260651539621296363,0.0,0.0,0.0,0.0,0.0,0.0
1888997777665840482,0.0,71.44712048417209,17.654400000000003,79.02848,0.0,132.71047775019244
-2072705152346646467,9.36,94.0003904451754,79.02848,0.0,44.66936009016233,36.0
-3041250414363891469,0.0,0.0,0.0,0.0,0.0,0.0
-3553838480576900311,0.0,0.0,0.0,0.0,0.0,0.0
-6573369826472103275,0.0,0.0,0.0,0.0,0.0,0.0
4408051360715132552,383.24137619065135,83.0749429344749,36.0,47.02366017506432,180.7677184019891,67.232
-4312022145410301300,0.0,0.0,0.0,0.0,0.0,0.0
-4289695023166431415,0.0,0.0,0.0,0.0,0.0,0.0
3593379067061260570,216.0346727650208,67.232,8.496602578114691,22.416,15.852516352000002,36.0
-8627772212638499123,431.07284790821694,41.2695306172448,21.88411978722152,78.0197213037527,2.0,0.0
-4145654453959895694,0.0,0.0,0.0,0.0,0.0,0.0
4286937637139542412,0.0,0.0,0.0,0.0,0.0,0.0
7922708665901329732,0.0,20.0,12.201168073161815,36.0,0.0,96.4815627911168
3859247986596123248,0.0,0.0,0.0,0.0,0.0,0.0
-5699022425862925902,0.0,0.0,0.0,0.0,0.0,0.0
-3824040168483300309,179.8680550535363,198.86998878829007,0.0,155.62874318584534,185.55948397333657,48.8
3175368581852599047,287.69368079602884,116.14053430339868,168.79458080878376,99.97923081256587,48.8,207.99494960689483
1600601278955366607,0.0,0.0,0.0,0.0,0.0,0.0
-3133525132233203151,98.4942552610756,149.00063431458167,43.472323584,13.968,194.4841953622015,20.7776
972903723637256320,99.99821594038411,141.4724065253767,66.61791555051967,86.94090682650861,68.17136776739477,99.80657186886168
-3002704959949663873,0.0,0.0,0.0,0.0,0.0,0.0
-8201926077050116120,43.808,29.575143386002107,86.99498272349561,79.02848,4.23488,98.84707849539312
-2343467202566842700,0.0,0.0,0.0,0.0,0.0,0.0
-3458408590193657315,53.28805928541246,173.06607649556094,48.8,33.266540337413105,73.7856,83.09403025668959
-9020206372428723499,36.0,93.60104849900956,83.222784,293.0886468950244,59.04,73.7856
-4639149607102793973,25.760000000000005,0.0,0.0,0.0,2.0,62.84420974672283
7577776065852993327,0.0,0.0,0.0,0.0,0.0,0.0
3404127610891119239,121.46721928624186,237.656679704868,48.8,73.7856,0.0,0.0
-2422201398509544956,0.0,0.0,0.0,0.0,0.0,0.0
-4551114057671724417,0.0,17.989858795198177,0.0,0.0,67.232,36.0
7232135548121410605,0.0,0.0,0.0,0.0,0.0,0.0
-3309469889966335072,0.0,0.0,0.0,0.0,0.0,0.0
-4167467440647062383,0.0,0.0,0.0,0.0,0.0,0.0
-5491295729307106557,48.8,0.0,83.222784,93.1280523264,116.21413882915316,73.7856
-1318268321030726860,67.232,0.0,59.04,36.0,6.800000000000001,83.222784
5741471085278400245,0.0,0.0,0.0,0.0,0.0,0.0
4356697067918590899,36.0,9.726344587141398,45.78522218480956,28.020757994737583,14.050120703860989,41.05640448
4719491281664780642,20.0,0.0,20.9824,48.8,6.790149744739369,59.04
-1704619602398498149,0.0,0.0,0.0,0.0,0.0,0.0
8730358128569148575,19.93843590462106,0.0,0.0,30.843415499793828,0.0,0.0
-2040600990032339216,201.16614805083512,99.07766279631451,59.19407437816136,36.0,20.63502826914716,59.04
1867952419449105837,99.90096479685717,140.3289889429625,239.3116213269601,361.7058517971874,86.63531638179923,99.90096479685717
-1287268488733945990,0.0,0.0,0.0,0.0,0.0,0.0
4079149375827974194,95.601953488896,99.9366174699886,207.26216615868188,330.7620501504558,171.29928670794808,43.12330782075592
4509162183909970465,0.0,0.0,0.0,0.0,0.0,0.0
6996493139951401283,0.0,0.0,0.0,0.0,0.0,0.0
8149713457149366543,298.76368053036373,99.9972124068502,202.16333634870108,114.76590527611458,173.8705453083596,99.99455548212926
7981302554522194352,0.0,0.0,0.0,0.0,0.0,0.0
-2646934046835370753,199.78922353830927,79.00597333439286,181.34620720686107,10.77753929942265,96.4815627911168,252.2807847995693
-842096154763422110,20.0,25.317125036996444,72.58379975061268,259.075504928729,20.0,22.16585455215094
-6712548846813700676,0.0,0.0,0.0,0.0,0.0,0.0
-4346398816974069542,0.0,0.0,0.0,0.0,0.0,0.0
-8446949100872491434,93.1280523264,87.34014281041645,89.26258176,362.21156357265716,67.34565762866123,36.0
178655292065429086,0.0,0.0,0.0,0.0,0.0,0.0
5009375140222671596,0.0,0.0,0.0,0.0,0.0,0.0
-341838465842629278,51.714393088,55.80869182716796,89.39172766748813,189.68314684118576,79.02848,111.97113628274178
-7348368504463645677,0.0,21.26734837246737,73.7856,14.984383145903127,20.0,0.0
-1216869660538618447,0.0,0.0,0.0,0.0,0.0,0.0
-1235689499793814620,0.0,0.0,0.0,0.0,0.0,0.0
754308225680558135,81.0271742943434,0.0,92.29403944004105,0.0,0.0,59.94022322202193
136968147223933632,17.296,13.462562971680844,79.49913579944293,63.03620991886295,6.800000000000001,15.248
4641224918994208855,20.0,0.0,20.0,0.0,0.0,0.0
7523331705914699308,0.0,0.0,0.0,0.0,0.0,0.0
-3791840710622524742,61.64314967638542,64.28659782267567,71.02462599217966,99.90096479685717,96.4815627911168,188.8969339482665
-3128641646579042516,80.8371478400023,36.0,20.373000151115168,67.232,67.232,36.0
5896839609255584464,0.0,0.0,0.0,0.0,0.0,0.0
-3839871331443613846,0.0,0.0,0.0,0.0,0.0,0.0
6178955757502784511,48.8,78.11315233071126,2.0,67.232,20.0,0.0
-3522348973968692053,44.57567654568717,93.1280523264,88.83649095773634,335.0902787788063,99.39526917048067,59.04
7856634389498703857,0.0,7.76,0.0,133.34108804421646,18.658104372913805,2.0
6759238372921206972,0.0,0.0,0.0,19.069180632799814,0.0,36.0
4130476656260790371,0.0,0.0,0.0,0.0,0.0,0.0
-4103208728694223918,0.0,0.0,0.0,0.0,0.0,0.0
-4127936305804361121,0.0,0.0,0.0,0.0,0.0,0.0
1539681718265249338,39.50371904866742,20.0,0.0,0.0,0.0,20.0
-8005194994228812363,0.0,0.0,0.0,0.0,0.0,0.0
-7515893746915430412,67.232,48.8,32.96980363759007,254.61045096630576,14.369898387059164,6.800000000000001
3421422920007795853,0.0,0.0,0.0,0.0,0.0,0.0
5762322695304508917,89.68258060990584,86.5782272,300.1167394013124,217.11309406570732,93.1280523264,93.73132459881327
-1189979442590925827,59.04,33.17507281825564,118.57177064622545,73.7856,16.272,11.219245490996585
3498454694793643374,0.0,0.0,0.0,0.0,0.0,0.0
6597998935729895685,0.0,0.0,0.0,0.0,0.0,0.0
6902186170918488192,0.0,0.0,0.0,0.0,0.0,0.0
5702684640402647563,17.107245490996583,13.2,78.19938485974333,121.4001614333032,81.14450521235575,0.0
4790916104945930979,0.0,0.0,0.0,0.0,20.0,36.0
8165277477035609722,0.0,0.0,0.0,0.0,0.0,0.0
-8661528660676192737,0.0,0.0,0.0,0.0,0.0,0.0
2364963102153264645,67.232,231.48942790296985,105.06829628214209,246.9625339358153,20.7776,80.69270340960878
725404936491082886,0.0,0.0,0.0,0.0,0.0,0.0
6896037735575160656,0.0,20.0,5.2,20.0,59.04,0.0
-7654001594000289236,0.0,0.0,0.0,0.0,0.0,0.0
-5226158046026440739,78.26399654754128,99.80657186886168,74.41599717692617,195.0325036401248,31.9683176448,46.2667027021652
8496470228086230280,23.6448,36.0,36.0,16.016,20.0,0.0
7402636387982542478,0.0,0.0,0.0,73.7856,0.0,0.0
1208594362496128295,0.0,0.0,0.0,0.0,0.0,0.0
8880907779118951369,20.7776,14.644556800000002,0.0,42.20068219080241,65.02996244518447,59.04
-2598095635139760039,20.0,0.0,0.0,6.800000000000001,30.998167265280003,48.8
-5500439905238948967,0.0,0.0,0.0,0.0,0.0,0.0
1175852006490281627,93.1280523264,46.52130867492304,0.0,48.8,18.96512,21.5968
3023895993983313120,0.0,0.0,0.0,0.0,0.0,0.0
7548081036465546195,57.632000000000005,0.0,0.0,22.264891520864538,93.1280523264,79.02848
-302747917671686525,0.0,0.0,0.0,0.0,0.0,0.0
-9195701090873050640,0.0,28.415327688145744,0.0,0.0,165.72836580204847,20.0
-5303707893685544397,0.0,0.0,0.0,0.0,0.0,0.0
6389644864501422130,36.0,0.0,0.0,0.0,0.0,0.0
1198053303209754891,0.0,0.0,0.0,0.0,0.0,0.0
-2899873535909869603,57.120000000000005,33.30765590528,0.0,0.0,0.0,0.0
6613330601963513370,0.0,21.0848,59.04,48.8,39.82089444153939,48.8
7036651026156368555,0.0,0.0,0.0,0.0,0.0,0.0
-4782327523495983201,185.2130225304914,0.0,0.0,0.0,0.0,0.0
-5557732962110198899,0.0,0.0,0.0,0.0,0.0,0.0
3125098660870646114,0.0,0.0,0.0,0.0,59.04,6.800000000000001
1376304192911968066,0.0,0.0,0.0,0.0,0.0,0.0
-6070938400055213286,39.54560000000001,0.0,0.0,0.0,0.0,0.0
1074242555716674707,20.0,0.0,57.286695817006645,0.0,36.0,0.0
7646364970294896039,0.0,0.0,0.0,0.0,0.0,0.0
2235944529229855775,59.04,48.8,87.16769380905083,24.595631330721066,3.92,8.554050560000002
-3017509051594912,0.0,0.0,0.0,0.0,0.0,0.0
5734796703879034655,22.962816000000004,0.0,0.0,2.0,5.2,0.0
8073072353083939059,0.0,0.0,0.0,0.0,6.800000000000001,0.0
1631484433100646431,20.0,0.0,36.0,0.0,2.0,0.0
-8425479452933782406,0.0,0.0,0.0,0.0,0.0,0.0
-6115103482571246015,0.0,0.0,0.0,0.0,0.0,20.0
-1286651480128513508,0.0,0.0,0.0,0.0,0.0,0.0
8559515880216278900,0.0,0.0,0.0,0.0,0.0,0.0
8967010513659391822,0.0,0.0,0.0,0.0,0.0,0.0
4086350249786324664,36.0,13.2,200.20151651259616,88.60731745580397,208.13755611789944,95.601953488896
6947646304626571080,0.0,0.0,0.0,20.0,0.0,36.0
8986780830528584696,0.0,0.0,0.0,0.0,0.0,0.0
-5720961536552553404,66.26368225032337,20.0,0.0,99.75821483607707,0.0,0.0
5368802178873765479,287.6819496291472,2.0,0.0,240.92223349214413,0.0,0.0
-8321201093116684353,349.5570398034171,0.0,0.0,0.0,0.0,0.0
7073864963694340882,0.0,0.0,0.0,0.0,0.0,0.0
-8851936679492424671,0.0,0.0,0.0,0.0,0.0,0.0
-7541312684028688891,0.0,0.0,0.0,0.0,0.0,0.0
-27399291814742825,0.0,0.0,0.0,0.0,0.0,0.0
-7714825700151540605,20.0,0.0,20.0,20.0,73.64923365436302,2.0
8682497403906744626,64.88189678787728,12.595352270985307,71.81305685008627,223.5228013510644,108.31715103285605,208.28922761111875
7316374427908844374,59.04,126.2922199375535,7.76,0.0,20.0,0.0
7396639610171279646,0.0,0.0,0.0,0.0,0.0,0.0
7876256699608711547,0.0,0.0,0.0,0.0,0.0,0.0
1776303391629816736,0.0,0.0,0.0,0.0,0.0,0.0
6673579851753989620,0.0,0.0,0.0,0.0,0.0,0.0
1437154707061843721,0.0,0.0,0.0,0.0,0.0,0.0
-6347311616992289266,0.0,0.0,0.0,0.0,0.0,0.0
8992227237994493803,21.2,0.0,0.0,189.25107847403405,0.0,0.0
3157316595390714722,97.18525023289344,9.552,2.0,0.0,94.50244186112,0.0
8438674197746507446,38.72872765944021,0.0,0.0,0.0,0.0,0.0
-1181107243834004813,0.0,94.05108306389204,0.0,0.0,0.0,0.0
-903372116877603279,0.0,0.0,0.0,0.0,0.0,0.0
7803158381133956410,0.0,0.0,0.0,0.0,0.0,0.0
6822053944997188973,17.881940837928262,0.0,0.0,36.0,2.0,36.0
6288575877590000691,0.0,0.0,0.0,0.0,0.0,0.0
-494619885160319941,93.049852574783,0.0,0.0,0.0,0.0,0.0
7177403875590961504,0.0,36.0,6.853388092435762,91.410065408,89.26258176,0.0
5387947955285441546,0.0,0.0,0.0,0.0,0.0,0.0
-4583246333093898122,0.0,0.0,0.0,67.232,0.0,168.98759387750383
-4446082010036696608,20.0,0.0,0.0,0.0,0.0,0.0
-3841095008567032169,0.0,0.0,0.0,0.0,0.0,0.0
6674261446114404024,20.0,20.0,0.0,0.0,0.0,0.0
3210617684894206699,0.0,0.0,0.0,0.0,0.0,0.0
-3178089950169673917,0.0,0.0,0.0,0.0,0.0,0.0
-653984674823467696,0.0,0.0,0.0,0.0,0.0,0.0
3972159397247805583,0.0,0.0,0.0,0.0,0.0,0.0
2524080571847588958,82.0546017630302,0.0,169.1024451960887,0.0,0.0,0.0
-4162013584777749845,0.0,0.0,0.0,0.0,0.0,0.0
5642852838082875696,0.0,94.50244186112,94.50244186112,0.0,0.0,0.0
-3337470053748288331,0.0,0.0,0.0,0.0,0.0,0.0
-2057829410830860008,264.9244501475446,0.0,0.0,0.0,0.0,0.0
-6247146588307489569,0.0,0.0,0.0,0.0,0.0,0.0
-3691228768345014213,67.232,181.4764172794897,36.0,310.2132055206791,78.95297343149508,201.744088977553
43122191410548191,0.0,0.0,0.0,0.0,0.0,0.0
-4460059455491944795,94.50244186112,0.0,0.0,89.26258176,0.0,0.0
-3095387561501937667,0.0,0.0,0.0,0.0,0.0,0.0
-7843884543654496679,3.92,45.70425621898297,2.0,10.64,0.0,0.0
-6298097333412111003,33.61786773296356,0.0,20.0,0.0,0.0,0.0
6502703933023655510,75.11167333102225,0.0,0.0,0.0,2.0,20.0
5456035203702040637,0.0,0.0,0.0,0.0,20.0,0.0
4867694240478240520,0.0,0.0,0.0,0.0,0.0,0.0
-1149759928379865865,36.0,0.0,3.0880000000000005,0.0,0.0,0.0
-436030428647094002,0.0,0.0,0.0,0.0,0.0,0.0
6207878273294086677,0.0,0.0,0.0,5.2,0.0,20.0
1246117013259138312,0.0,0.0,0.0,0.0,0.0,0.0
8211547656006032649,0.0,0.0,0.0,0.0,0.0,0.0
2833590724778146203,63.925198624375085,0.0,0.0,0.0,0.0,0.0
4946327517403360469,0.0,0.0,0.0,0.0,0.0,0.0
-1253730950265771814,2.0,2.0,30.4544,0.0,0.0,11.919999999999998
340525334049319351,127.03078878056736,78.575243853959,99.79985052267136,99.96762103737028,88.07867619818265,99.99319435266158
-5464994827567611360,98.55884811924145,81.47424117598813,150.95728384684375,51.5231328256,62.0707532395643,73.7856
-8328770625631954563,0.0,0.0,0.0,0.0,0.0,0.0
-2016536843518712467,0.0,0.0,0.0,0.0,0.0,0.0
-1124532112813418123,0.0,0.0,0.0,0.0,0.0,0.0
234527817967633071,6.1292800000000005,0.0,0.0,0.0,0.0,0.0
-7588840134077054419,36.0,6.1292800000000005,20.12449172926821,42.69386076160001,89.26258176,20.0
7404396671121781950,82.96841091504932,99.97403851570732,58.75751817923258,103.79924986237168,99.52776335171303,102.3154237173208
-1593983419575698070,59.04,60.83678669683604,58.11005477080269,73.7856,96.4815627911168,72.70403544684964
-2663743932668436305,174.04181064087487,79.02848,26.9691136,39.42161999134544,35.19584768,95.601953488896
-2896430326171789597,77.76754911060752,117.67354152179588,195.8491812054408,63.48581671139981,76.11250843421246,99.9366174699886
4775865848514769402,36.0,46.03249984397432,32.07464849408,48.8,36.0,94.50244186112
-2771939477357081562,0.0,0.0,0.0,0.0,0.0,0.0
7243601698417678031,0.0,0.0,0.0,0.0,0.0,0.0
7630927780382958477,99.26213023705162,73.98313250577135,107.8053030821862,46.23781599857869,73.7856,75.01165496410324
3781210305775501978,0.0,0.0,0.0,0.0,0.0,0.0
2364247420823938579,53.7368864768,84.92676494099763,173.79215005115276,115.81517085686824,86.43699105827825,51.362138660864
-5577642769724314340,98.55884811924145,73.7856,122.94651649415856,54.81737311744164,41.765504,73.03156555098464
4951574892947081784,0.0,0.0,0.0,73.7856,0.0,26.4877090816
4243288629278916069,0.0,0.0,0.0,0.0,0.0,0.0
-5916545337837245580,25.073316293467503,59.04,42.72495104,32.847813559287225,48.8,96.4815627911168
-2490776190817346056,0.0,0.0,0.0,0.0,0.0,0.0
7798553518072471211,0.0,0.0,0.0,0.0,0.0,0.0
943608600294940907,0.0,0.0,0.0,0.0,0.0,0.0
-4582324436154890700,68.0070661565526,67.232,91.410065408,27.670167265280003,73.7856,36.0
-2613697561710007465,0.0,0.0,0.0,0.0,0.0,0.0
-5597422332142507130,0.0,0.0,0.0,0.0,0.0,0.0
6329945522114344968,65.35054809482065,59.04,96.4815627911168,51.15450571424355,73.7856,75.4060458466319
-5051505992834282475,0.0,0.0,0.0,0.0,0.0,0.0
5498387857235928639,0.0,0.0,0.0,0.0,0.0,0.0
-1901137479428241893,0.0,0.0,0.0,0.0,0.0,0.0
-1031443695616641839,0.0,0.0,0.0,0.0,0.0,0.0
-6058498506323153014,0.0,0.0,0.0,0.0,0.0,0.0
188560591074771980,0.0,0.0,0.0,0.0,0.0,0.0
-5388219190198189008,0.0,0.0,0.0,0.0,0.0,0.0
1889570858059742440,19.088,0.0,2.0,0.0,0.0,0.0
4266423268123272286,10.64,5.2,20.0,0.0,0.0,0.0
-5020012518778709586,0.0,0.0,2.0,0.0,0.0,36.0
-1303229949046846763,0.0,0.0,0.0,0.0,0.0,0.0
-908664174988069283,0.0,0.0,28.964026163200003,0.0,0.0,0.0
-4714210109623403671,0.0,0.0,0.0,5.2,0.0,0.0
1179315329451116459,4.536402616320001,0.0,0.0,0.0,0.0,0.0
1902549181932686152,0.0,0.0,0.0,0.0,20.0,0.0
1966832450108388110,0.0,0.0,0.0,0.0,0.0,0.0
-4063687279797093728,0.0,0.0,0.0,0.0,0.0,0.0
3549854900265976329,0.0,0.0,0.0,0.0,0.0,0.0
-2191062368007290844,136.89311693049274,83.222784,46.1962600005632,33.97273027885362,26.1302528,73.7856
-7664788589493472646,0.0,0.0,0.0,0.0,0.0,0.0
7933408583610803159,38.107791039144274,79.02848,95.601953488896,17.90555267034261,36.0,53.726093513051545
8318978204996547380,0.0,0.0,0.0,0.0,0.0,0.0
-3360935403781567553,82.06894488341844,125.64141060808096,114.98815724146236,98.96969674367008,72.18183256737179,99.80657186886168
-9164491462715720300,96.4815627911168,58.782683729485655,35.733512573747205,59.04,67.232,48.8
8684706661747991117,0.0,0.0,0.0,0.0,0.0,0.0
-822186463105782147,33.69585796525388,48.8,48.8,24.2592,79.02848,98.1985601490518
4747678267312603853,88.96029107109658,86.63162796068728,137.1058159478561,67.10131439775171,89.12939419929113,99.99651550856272
5411533117319550303,98.84707849539316,40.87981347060557,103.29757344260912,74.88567335993999,72.82570740153713,48.8
942728554498389758,79.34896436327065,99.84525749508931,82.9514162069693,68.23853949712148,64.34408383104913,93.82144481109874
-5926460844922022739,0.0,0.0,0.0,0.0,0.0,0.0
947755290740850047,20.0,79.02848,36.0,19.344,67.232,27.813004820102613
-6100491762351556916,0.0,0.0,0.0,0.0,0.0,0.0
-2282422089300484727,0.0,0.0,0.0,0.0,0.0,0.0
-7916538633838322912,98.84707849539316,15.31564544,64.22353924769658,59.04,36.0,40.235207485568
3881265552112049375,0.0,0.0,0.0,0.0,0.0,0.0
4370486681960528492,0.0,0.0,0.0,0.0,0.0,0.0
-3467196310601455773,67.232,62.007550648320006,110.5389551957214,69.22331151739871,40.70644224,73.5325466836554
8209827900064023017,0.0,0.0,0.0,0.0,0.0,0.0
5871009252486081329,0.0,0.0,0.0,0.0,0.0,0.0
929848606511134685,0.0,0.0,0.0,0.0,0.0,0.0
-1510447938534413031,67.232,20.0,0.0,48.8,20.0,0.0
7931393287223117743,0.0,0.0,0.0,0.0,0.0,0.0
-4052588685547298849,0.0,0.0,0.0,0.0,0.0,0.0
8995857305179720046,0.0,0.0,0.0,0.0,0.0,0.0
6128538434516619156,0.0,0.0,0.0,0.0,0.0,0.0
-169687290278420432,0.0,0.0,0.0,0.0,0.0,0.0
-1323841030744849238,0.0,0.0,0.0,0.0,0.0,0.0
8670226282978286487,0.0,0.0,0.0,0.0,0.0,0.0
-8009946996992941420,0.0,0.0,0.0,0.0,0.0,0.0
-6480563977363160268,0.0,0.0,0.0,0.0,0.0,0.0
-8136106703152527520,66.94100778254337,86.5782272,43.4833491009287,78.63982627967582,31.186298052608,59.09845469190888
-6295971743102891053,18.19712,36.0,36.0,7.76,36.0,18.16044144502465
2052657269951043150,73.7856,0.0,0.0,20.0,0.0,0.0
5959035735417842977,0.0,0.0,0.0,0.0,0.0,0.0
-753184152792530240,89.26258176,42.06694180652885,76.9644426770578,48.8,20.603520000000003,43.47232358400001
4552078036985595523,0.0,0.0,0.0,0.0,0.0,0.0
3694769089960423578,75.06656870774572,36.0,86.5782272,34.240583035921915,48.8,13.2512
6686749404700201108,58.09778823168,62.68093280085607,88.4610072084851,63.927493264103646,40.31584768,82.20926804060807
6780247082027031705,79.02848,12.621952,54.94527848436302,20.0,20.0,39.53728
1360886828480020198,0.0,0.0,0.0,0.0,0.0,0.0
7534978903023100833,15.248,20.1197824,45.5403776,36.1490688,43.883545899113415,96.4815627911168
1421190914593779746,22.28532312192171,36.0,9.808,0.0,41.81696631062466,79.02848
1178516374560735424,0.0,0.0,0.0,0.0,0.0,0.0
-2991754747232205893,44.064,36.0,20.0,12.658425164251918,7.76,20.0
3055971396697633275,46.69800550400001,16.886400000000002,7.107200000000001,66.19038404479275,6.774651933443478,79.02848
-4111178001397199935,86.5782272,24.850252800000003,38.8986269302784,17.43705004657869,17.654400000000003,36.0
3673300267712015082,0.0,0.0,0.0,0.0,0.0,0.0
-2385128139451220737,106.18387998619184,99.90096479685717,48.8,50.41152886793645,43.01507284085297,32.1759488
4607015052631365899,0.0,0.0,0.0,0.0,0.0,0.0
5047908689605930687,59.04,20.0,0.0,16.016,36.0,11.33193859072
-1749787849558539582,0.0,0.0,0.0,0.0,0.0,0.0
-9014261384372841915,79.02848,69.51469887453308,115.722115433691,45.41066171814765,24.464,35.51666674534376
-7209501553241478829,0.0,0.0,0.0,0.0,0.0,0.0
3156391619160786504,0.0,0.0,0.0,0.0,0.0,67.232
-544859026362646303,0.0,0.0,0.0,0.0,0.0,0.0
-317436061849205032,73.7856,27.50200855822336,0.0,36.0,9.808,0.0
1396671920937672865,0.0,0.0,0.0,0.0,0.0,0.0
4202863867076991048,0.0,0.0,0.0,0.0,0.0,0.0
4853144680812666460,59.04,0.0,0.0,0.0,20.0,13.84329246098056
3391981188185856954,0.0,0.0,0.0,0.0,0.0,0.0
-9044738804476010003,6.800000000000001,0.0,64.5162461383968,17.296,36.34517688015038,20.0
-5548626253160170073,0.0,0.0,0.0,0.0,0.0,0.0
7871457954340303301,20.0,0.0,0.0,0.0,20.0,0.0
7793332828457000914,0.0,0.0,0.0,0.0,0.0,0.0
-4040185584040651842,0.0,0.0,0.0,0.0,0.0,0.0
-4703737007597805823,0.0,0.0,0.0,0.0,0.0,0.0
-8899469821926374296,0.0,0.0,0.0,0.0,0.0,0.0
8483826530302620625,0.0,0.0,0.0,0.0,0.0,0.0
-8311559940892115896,0.0,0.0,0.0,0.0,0.0,73.79211874882346
9085475049034723958,0.0,0.0,0.0,0.0,0.0,0.0
-6851044573020061183,0.0,0.0,0.0,0.0,0.0,0.0
1347228387618200809,0.0,59.04,0.0,14.644556800000002,36.0,2.0
5767078320602336162,3.92,23.6448,5.136,37.477549056,13.2,2.0
6351258653832011129,20.0,7.9964078489600015,32.260427291461575,20.0,9.36,15.248
-2079162628806836797,0.0,5.2,0.0,0.0,67.232,0.0
3592753633159225665,0.0,0.0,0.0,0.0,0.0,0.0
2593387449563452452,5.2,0.0,0.0,0.0,36.0,7.9964078489600015
-5463935808548863965,0.0,0.0,0.0,0.0,0.0,0.0
-527770236051471308,0.0,11.919999999999998,2.0,28.534529433600003,13.056413081600002,0.0
7487905402871067948,0.0,0.0,0.0,0.0,0.0,48.8
-4548598502716909023,0.0,0.0,0.0,0.0,0.0,0.0
4206087748729414710,13.95955185688559,20.0,0.0,0.0,18.32,5.220723269632
-2368047552530964906,0.0,0.0,0.0,0.0,48.8,4.112000000000001
-8380671850067129224,0.0,0.0,0.0,0.0,0.0,0.0
1866141397475862804,6.800000000000001,8.959986966528,82.14936729752647,12.688,2.0,4.235392000000001
-8892631778621303097,20.0,0.0,0.0,0.0,0.0,0.0
4169472463104121674,0.0,0.0,0.0,0.0,0.0,0.0
-3220533055509301616,0.0,0.0,45.7394589094764,0.0,20.0,0.0
-3642132942676687925,0.0,18.73713474418635,0.0,2.0,14.833042586005863,20.0
3625650149674827729,24.75136207542684,0.0,0.0,0.0,0.0,0.0
1429224590440510267,36.0,9.735304160542722,4.489028625146315,0.0,12.47103922905606,48.8
-9119473000600755012,59.25168333246823,20.0,59.04,19.255649125641447,34.3118063616,19.633227288971675
2650270172315239766,61.71227164672,53.35075695515405,38.60931739231548,72.96667926557242,46.36493615890432,77.13315301411687
5015244527167808918,91.410065408,13.928252292466372,44.33149083209497,36.0,0.0,21.88352
-533880888799320231,0.0,0.0,0.0,0.0,0.0,0.0
-5959898755288422690,73.7856,49.96998465457041,15.31564544,0.0,0.0,67.232
4012238460748240458,0.0,0.0,0.0,0.0,0.0,0.0
-6783026172036527719,0.0,0.0,0.0,0.0,0.0,0.0
8880974999956808747,17.008589119488,12.75712,7.632061439999999,30.6897801723904,67.232,33.00968401488819
-3410427944309032950,0.0,2.32,57.753970941952,20.0,0.0,0.0
-1228806330953547365,34.7400448,65.16434526378924,69.88311410911442,51.0113088878804,42.96352005700945,99.4097041896413
4047188642918477593,6.50048,73.7856,36.0,0.0,0.0,0.0
-8722042619927184570,109.00707422927114,20.0,20.0,4.536402616320001,5.616598544499223,59.04
-1405836865177705570,0.0,0.0,0.0,0.0,0.0,0.0
6228842760563324315,0.0,0.0,0.0,0.0,0.0,0.0
-2254074426657393558,0.0,0.0,0.0,0.0,0.0,0.0
4735177156116450923,0.0,0.0,0.0,0.0,0.0,0.0
8816237122129912308,91.410065408,95.601953488896,267.0531458938163,346.83671194988506,66.00685131895398,98.1985601490518
9066308422381881763,0.0,0.0,0.0,0.0,0.0,0.0
965104969618538548,0.0,0.0,0.0,0.0,0.0,0.0
5324537087548859761,20.0,0.0,70.80236132677476,345.11545877003323,0.0,20.0
-5609744497387132515,0.0,0.0,0.0,0.0,0.0,0.0
8561092609600491355,0.0,0.0,0.0,0.0,0.0,0.0
-7460227344442942374,0.0,2.0,30.91742993256201,0.0,0.0,151.99168745253695
-2403988413110835992,0.0,0.0,0.0,0.0,0.0,0.0
6690176258526530601,0.0,0.0,0.0,0.0,0.0,0.0
-1379820932513907226,0.0,0.0,0.0,0.0,0.0,0.0
-2761510826761475036,36.0,67.232,0.0,332.1644960607384,22.878699048919657,20.0
-7648580235054330693,0.0,0.0,0.0,0.0,0.0,0.0
1332040555672766762,13.2,2.0,0.0,117.74777864126932,2.0,9.808
-6105228288012814166,48.8,0.0,0.0,0.0,0.0,0.0
4392890597529668561,0.0,0.0,0.0,0.0,0.0,0.0
-8485007532933324952,20.0,0.0,0.0,0.0,0.0,0.0
4415095611734716655,0.0,0.0,0.0,0.0,0.0,0.0
-4775681858499750510,13.805696,0.0,0.0,0.0,0.0,0.0
-4134167543398068509,0.0,0.0,0.0,0.0,0.0,0.0
6025504243598750170,59.81055051156116,0.0,0.0,0.0,0.0,0.0
7350027961157153359,0.0,0.0,0.0,0.0,0.0,0.0
-3344872585366782314,0.0,0.0,0.0,0.0,0.0,0.0
-2603091876241353983,0.0,0.0,0.0,0.0,0.0,0.0
7647717512497549284,20.0,0.0,20.0,0.0,0.0,0.0
67384889096487427,206.9406964780605,18.261518223952333,20.0,0.0,0.0,0.0
2306118061359373624,88.6850156666022,84.91838480086238,166.59319081450275,36.0,6.800000000000001,0.0
-7165589825642963420,0.0,0.0,0.0,0.0,0.0,0.0
-3612733890444567768,20.0,0.0,0.0,45.585443859953486,0.0,0.0
-5880947688883318691,228.34054734740488,83.222784,0.0,0.0,11.135480691453877,0.0
1468231433119757554,47.09675432158671,0.0,0.0,5.983851063641996,0.0,0.0
-5387431495076591526,190.57224169412777,0.0,0.0,0.0,0.0,2.0
7022485674920401236,54.410127211078574,0.0,0.0,0.0,0.0,0.0
-6345525320572099406,20.0,0.0,341.13491473755937,0.0,0.0,2.0
-771103659019560474,0.0,0.0,0.0,0.0,0.0,20.0
-8984287385732920405,0.0,0.0,0.0,0.0,0.0,0.0
4907638983696764560,312.587459751294,0.0,0.0,0.0,0.0,0.0
8807521611313784217,20.0,65.5538150395438,400.6489893869339,133.09181580793006,20.0,0.0
2540999150844798788,412.82181914331045,0.0,0.0,0.0,3.9712,0.0
-1239727971306821067,0.0,0.0,0.0,0.0,0.0,4.491392
5093371985918562954,0.0,0.0,0.0,0.0,0.0,0.0
-8470916906699120938,94.50244186112,67.232,433.6437060980869,137.66934263865772,59.04,16.62934348107845
8922696211909419711,0.0,0.0,0.0,0.0,0.0,0.0
8475558488792982482,0.0,0.0,0.0,0.0,0.0,0.0
-8447023795437925475,5.431424,2.0,0.0,24.95467080194275,38.06570451985066,2.0
8673017627468648980,20.0,0.0,0.0,11.4464,0.0,0.0
6835645795783252322,0.0,20.0,393.9655910403044,40.26333181402167,0.0,2.0
-2367944082020014351,0.0,20.0,0.0,0.0,0.0,0.0
3096296321045045896,0.0,0.0,0.0,0.0,0.0,0.0
-6975736392801427616,0.0,0.0,0.0,0.0,0.0,0.0
6800558379910855260,67.232,97.18525023289344,424.7868003156833,69.7141417600429,79.02848,20.36087738053428
-7714086196423671115,0.0,0.0,0.0,0.0,0.0,0.0
4066426798481450703,0.0,0.0,0.0,0.0,0.0,0.0
6029471703040863149,2.0,4.1710848,0.0,5.992747328310841,42.4933931630592,0.0
6662058908109667542,6.424704,0.0,0.0,0.0,0.0,0.0
-2385734754740086422,20.0,0.0,0.0,0.0,0.0,0.0
-3475515142226008626,0.0,0.0,0.0,0.0,0.0,0.0
-7391317627800950984,0.0,0.0,0.0,0.0,0.0,0.0
1254850377449546451,0.0,0.0,0.0,0.0,0.0,0.0
-3636277104116756107,0.0,7.074600493056001,0.0,0.0,0.0,0.0
631676390104277903,0.0,0.0,0.0,0.0,0.0,0.0
-5546030246595004904,0.0,0.0,67.53664255288558,0.0,0.0,0.0
7028118101646243485,9.42470320039999,0.0,0.0,0.0,0.0,0.0
7112631489779527203,0.0,0.0,0.0,0.0,0.0,20.0
-4254126040262177868,0.0,0.0,0.0,0.0,0.0,0.0
-7462325262762447281,0.0,0.0,0.0,0.0,0.0,0.0
-316363989561090585,25.142320627749328,58.70858231112911,0.0,20.0,83.222784,19.39692211152853
-5126392459909077752,70.35527995746294,0.0,0.0,0.0,7.881266364036581,20.0
-4356982755774940493,0.0,0.0,0.0,0.0,0.0,0.0
-9210270138690063928,61.70528406236468,62.90954769389575,11.1604992,47.683666944,93.1280523264,19.22169341412745
3706266124671079508,36.0,0.0,0.0,45.53087991016476,0.0,0.0
-5628741258849432888,0.0,154.85495301808612,0.0,0.0,9.808,0.0
8276419135021497462,0.0,0.0,0.0,0.0,0.0,0.0
-5980707499858505584,20.368,0.0,0.0,11.4464,0.0,0.0
-5967554593514879353,0.0,0.0,0.0,0.0,48.8,36.0
2791723593686320519,0.0,0.0,0.0,0.0,0.0,0.0
-5474833760160963129,0.0,0.0,0.0,0.0,0.0,0.0
-3571781265083806183,72.81162538977925,32.05985046528,5.2,13.256844793194071,8.844789744574308,0.0
2926304932795665141,68.65663931089608,0.0,0.0,0.0,0.0,0.0
-5267879734775854384,0.0,0.0,0.0,0.0,0.0,0.0
-2909457984702012115,0.0,0.0,0.0,107.24125158915932,0.0,0.0
-9128304122168427820,0.0,0.0,0.0,0.0,0.0,0.0
-8943464830812082276,0.0,0.0,0.0,0.0,0.0,0.0
1102228467278371210,26.75791477522863,0.0,0.0,20.0,0.0,0.0
-1269306740744557363,0.0,0.0,0.0,0.0,0.0,0.0
-8325405874460607954,0.0,0.0,0.0,0.0,0.0,0.0
8640245752781168443,0.0,0.0,0.0,0.0,0.0,0.0
-6641132877492951358,0.0,0.0,0.0,0.0,0.0,0.0
-7682322797864478234,0.0,0.0,0.0,0.0,0.0,0.0
-7041203429505749905,0.0,20.0,0.0,0.0,0.0,0.0
1676468976238387893,0.0,0.0,0.0,0.0,0.0,0.0
-3009616271416528658,0.0,0.0,0.0,0.0,0.0,0.0
3540018990858074950,17.549640037262954,0.0,0.0,71.13693112505018,0.0,0.0
-4075570093203468974,4.8079424059620735,0.0,0.0,0.0,0.0,0.0
-6375635334606970935,159.50475722194025,0.0,0.0,0.0,36.0,0.0
-6359330664425497417,0.0,0.0,0.0,0.0,0.0,0.0
3745032948754382413,0.0,0.0,0.0,0.0,0.0,0.0
4169932225608207723,0.0,0.0,0.0,0.0,0.0,0.0
-8493821792540003620,0.0,0.0,0.0,0.0,0.0,0.0
-6426138085954358393,0.0,0.0,14.648439513872232,0.0,0.0,0.0
3457139831339021438,0.0,20.0,0.0,0.0,0.0,0.0
7013973539692556388,0.0,0.0,0.0,0.0,0.0,0.0
678873537570306791,0.0,0.0,0.0,0.0,0.0,0.0
-6690754683910158681,0.0,0.0,0.0,0.0,0.0,0.0
-4021945160893584908,0.0,0.0,0.0,48.738932299290674,0.0,0.0
-5616434362601227345,103.05591413302042,95.601953488896,184.7525910109066,264.6136132881768,21.83604155490652,99.69776854509637
6442737643474353089,59.04,132.52788828607464,36.0,113.03598135628728,29.33693430486579,49.89253542667478
-7407316389283235932,0.0,0.0,0.0,0.0,0.0,0.0
-3173407351724009609,0.0,0.0,0.0,0.0,0.0,0.0
-2311085960675374474,0.0,0.0,0.0,40.33761311220185,85.31360233419909,0.0
-5196742765578392986,86.5782272,152.8710715313237,48.8,3.2416,0.0,6.800000000000001
-5101087880002821816,0.0,0.0,0.0,0.0,0.0,0.0
-7382161629094176401,21.19824607785249,16.075661769683528,16.272,73.7856,36.0,15.64946563870801
-7772513945234865558,2.0,69.08838994662399,42.213245952,169.2011398347396,31.127372800000003,2.0
-9175157658736825498,36.0,0.0,0.0,0.0,0.0,0.0
1008835230773387708,0.0,0.0,0.0,0.0,0.0,0.0
412764033320023019,0.0,0.0,0.0,11.4464,48.8,0.0
9153744473634349706,0.0,0.0,0.0,0.0,0.0,0.0
6012545260748160324,0.0,0.0,0.0,101.66362047333136,20.0,5.2
-2213709034549129670,0.0,0.0,0.0,0.0,0.0,0.0
5159216445469752477,20.0,0.0,47.62028431872864,14.644556800000002,30.538689510340298,0.0
-5336860170134389336,0.0,0.0,0.0,0.0,0.0,0.0
4662603771022189366,205.89287279931887,172.08394036226105,160.47542228225052,89.26258176,125.80550616504212,152.4056940077911
7811499351506453026,198.21413761559228,138.07294401997672,91.410065408,79.61817375268025,110.50982359782896,120.44211450709174
-119161677963598428,45.50024131341289,93.1280523264,70.32203824834477,73.7856,60.54994612224,28.4804130816
-3714495946656325068,0.0,0.0,0.0,0.0,0.0,0.0
459757824564854826,99.99885820184583,160.8623289159612,130.7464664087775,98.39365140779763,119.94817857318868,99.52776335171303
7905317409418064768,153.52011058940667,180.38507293642948,145.65944492582585,47.5569989632,124.78126630059502,79.02848
-9096008311574120381,20.0,89.26258176,0.0,44.97556213760001,48.8,51.949274112000005
-1531619719512074616,97.18525023289344,128.26372292725597,95.601953488896,67.02294338904524,67.232,85.93879204203881
8056052414754268640,83.222784,51.374654464,76.62955199144957,302.5199311559605,39.57584347355698,83.222784
2294135698985275171,73.7856,67.232,35.65418182116555,296.31007944569177,58.82734067260478,30.80150183558956
5774065258827479230,82.25168040703291,50.84362756228424,43.56992,66.93672810714668,13.2,22.086727795517096
-389935864310225241,35.6168872895394,0.0,0.0,14.93394365440037,0.0,89.26258176
-5768218128058956945,67.232,0.0,0.0,0.0,0.0,0.0
-7338585632907631247,0.0,0.0,0.0,0.0,0.0,0.0
5923733964449700615,93.7956447231945,67.232,87.17729989655747,67.232,20.0,144.407501581629
5074259935997783538,0.0,0.0,0.0,0.0,0.0,0.0
1431301401729117185,0.0,0.0,0.0,0.0,0.0,0.0
-4034761601562013991,36.0,4.8368394004155935,71.15430045022016,90.94714843131564,0.0,20.70587054426362
-39267555432462358,0.0,0.0,0.0,0.0,0.0,0.0
6515196710753393535,10.754524648753724,0.0,0.0,74.04370511442544,0.0,39.11058360677248
-6631029866594923001,0.0,0.0,0.0,0.0,0.0,0.0
1991090183505634370,0.0,0.0,0.0,0.0,0.0,0.0
6246669075663336550,0.0,0.0,7.76,0.0,0.0,0.0
-2425831645752006213,36.0,0.0,0.0,20.0,0.0,20.971483303396077
2953600982771613098,0.0,0.0,0.0,0.0,0.0,0.0
-4264889964876862945,0.0,0.0,0.0,0.0,0.0,0.0
-3061131715042705693,0.0,0.0,0.0,0.0,0.0,0.0
-8657781269207436936,0.0,0.0,0.0,0.0,0.0,0.0
7630003383592416213,0.0,0.0,0.0,0.0,0.0,0.0
-7130498872217134342,96.4815627911168,60.49357467648001,124.5184497293134,20.0,29.30762354688001,73.7856
2997672420564561015,0.0,0.0,0.0,0.0,0.0,0.0
-2984021978145228725,0.0,0.0,0.0,0.0,0.0,0.0
-2923378071528533955,2.0,19.2928,73.7856,49.61801223558943,36.0,0.0
-1795067750158922363,0.0,0.0,36.0,20.0,0.0,0.0
4202303139258996173,0.0,0.0,0.0,0.0,0.0,0.0
-9057979689949750579,0.0,0.0,0.0,0.0,0.0,0.0
-4210508091263122890,0.0,0.0,0.0,0.0,0.0,0.0
-5173614121262169426,0.0,0.0,0.0,0.0,0.0,0.0
-3259716855434081720,0.0,91.410065408,30.398321936371843,48.8,0.0,0.0
-7929454795549733859,0.0,0.0,0.0,0.0,0.0,0.0
9096633101604222127,0.0,0.0,0.0,0.0,0.0,0.0
6140043022304582846,0.0,0.0,0.0,36.0,71.07911714793374,6.800000000000001
6012988117935126158,0.0,0.0,0.0,36.0,0.0,0.0
-7118006569650814266,0.0,0.0,0.0,0.0,0.0,0.0
99475064286419142,0.0,0.0,0.0,0.0,0.0,0.0
-5351067163283220172,0.0,0.0,0.0,0.0,0.0,0.0
-6801137792671773202,0.0,0.0,0.0,0.0,0.0,0.0
-4684960336361270612,20.0,0.0,0.0,0.0,0.0,0.0
-3454462083455651742,0.0,0.0,0.0,0.0,0.0,0.0
8593868933766280539,0.0,0.0,0.0,0.0,0.0,0.0
-2168202200619651248,0.0,0.0,0.0,0.0,0.0,0.0
